ISO2,ISO_3,country_agg,date,first_date,count,p_cli,p_cli_CI,p_cli_weight,p_cli_weight_CI,p_cliWHO,p_cliWHO_CI,p_cliWHO_weight,p_cliWHO_weight_CI,p_cli_local,p_cli_local_CI,p_cli_smooth,p_cli_CI_smooth,p_cli_weight_smooth,p_cli_weight_CI_smooth,p_cliWHO_smooth,p_cliWHO_CI_smooth,p_cliWHO_weight_smooth,p_cliWHO_weight_CI_smooth,p_cli_local_smooth,p_cli_local_CI_smooth,p_cli_smooth_slope,p_cli_weight_smooth_slope,p_cliWHO_smooth_slope,p_cliWHO_weight_smooth_slope,p_cli_local_smooth_slope
PY,PRY,Paraguay,2020-04-23,2020-04-23,334,0.00598802395209581,0.0082739412056201,0.00485770679297494,6.42353827496699e-05,0.00598802395209581,0.0082739412056201,0.00485770679297494,6.42353827496699e-05,0.00565933364537679,0.000959080740109599,0.00590157013400002,0.00784491669509059,0.00539109865079462,5.91065771777207e-05,0.00252541750596589,0.00442106116132052,0.00271740311573643,3.55206882555517e-05,0.00214802421847647,0.000593036303315584,,,,,
PY,PRY,Paraguay,2020-04-24,2020-04-24,263,0.00760456273764259,0.0104990431295915,0.00656044833541319,7.50127636088904e-05,0.00380228136882129,0.00743815311230081,0.00345907286337705,5.45538126327447e-05,0.00178764897074756,0.000609375281754652,0.00571542767367355,0.00761972400481697,0.00521987120573522,5.76945500315271e-05,0.00237235146209261,0.00416405897361491,0.0025834459390293,3.38493848790336e-05,0.00209336376149581,0.000587595461751418,,,,,
PY,PRY,Paraguay,2020-04-25,2020-04-25,323,0.00619195046439629,0.00855483862417612,0.0020858720288011,4.20565123387152e-05,0.00309597523219814,0.00605859948180993,0.000480387603851271,2.01992105001228e-05,0.00123239436619718,0.000456195506913399,0.00551667078768654,0.00737610249972806,0.00503691320998791,5.62572469615002e-05,0.00222586660395717,0.0039120274380498,0.00245142978437663,3.226308281049e-05,0.00204252630247979,0.000582080347148812,,,,,
PY,PRY,Paraguay,2020-04-26,2020-04-26,342,0.0116959064327485,0.011394552604972,0.0195957920888063,0.000128806185588784,0.00292397660818713,0.00572250421762332,0.0107843989875528,9.59834103559109e-05,0.000916743061921827,0.000382899873532311,0.00531004681359611,0.007117824669664,0.00484782086581462,5.48463409208956e-05,0.00209049812931796,0.00367204614320267,0.00232581528781495,3.0825177259794e-05,0.00199514395843305,0.000576199546947991,,,,,
PY,PRY,Paraguay,2020-04-27,2020-04-27,311,0.00643086816720257,0.00888386079990563,0.0041926564967777,6.03222491038819e-05,0.00321543408360129,0.00629199479082882,0.00103781093815937,3.00593004532846e-05,0.00124275062137531,0.000468468258511391,0.00510158145490546,0.00684999519779699,0.00465988909330204,5.35247879495204e-05,0.00197104722061311,0.00345173436715957,0.00221195033617789,2.96066135520894e-05,0.00195055583019035,0.000569594361384965,,,,,
PY,PRY,Paraguay,2020-04-28,2020-04-28,352,0.00568181818181818,0.00785205107374675,0.00507512162420186,6.58062278821466e-05,0,0,0,0,0.00225352112676056,0.000589557017785556,0.0048988161544912,0.00657925097397497,0.00448154292424841,5.23610684162809e-05,0.00187282420420632,0.00325931067472343,0.00211572794022613,2.86823379458002e-05,0.00190779386689664,0.000561857137485416,,,,,
PY,PRY,Paraguay,2020-04-29,2020-04-29,297,0.00336700336700337,0.00658808619442243,0.00059694563684357,2.24919960831582e-05,0,0,0,0,0.00158091405576315,0.00053895911233067,0.00470953470756252,0.00631279127410382,0.00432147971927304,5.1420098568778e-05,0.00180065057015008,0.0031021442850915,0.00204305695594122,2.81201479625244e-05,0.00186576822929235,0.000552580865723804,-0.000198672571072918,-0.000178269821920263,-0.000120794489302634,-0.000112391026632535,-4.70426648640203e-05
PY,PRY,Paraguay,2020-04-30,2020-04-30,305,0.00327868852459016,0.00641556816671849,0.000426288065766198,1.92048091039515e-05,0,0,0,0,0.00200540994310232,0.000598799074826757,0.00454191071884669,0.00605858248661256,0.00418832368905892,5.0762373754518e-05,0.00175890339630465,0.00298666266153903,0.00199957871173208,2.79790597578705e-05,0.00182309992724735,0.000541378147653586,-0.000195586159137809,-0.000171924586112717,-0.000102241344297994,-9.73112045495365e-05,-4.50439723747438e-05
PY,PRY,Paraguay,2020-05-01,2020-05-01,179,0,0,0,0,0,0,0,0,0.00222805761120395,0.000824349037618243,0.00440328926829552,0.0058241053252071,0.00408948810463154,5.04315109569487e-05,0.00175073700176637,0.00291703065333056,0.0019898957483822,2.82968727623368e-05,0.00177864689022614,0.000527984122139406,-0.000185563586565171,-0.000157904184226062,-7.91882670317997e-05,-7.6922339332405e-05,-4.39799020422749e-05
PY,PRY,Paraguay,2020-05-02,2020-05-02,150,0,0,0,0,0,0,0,0,0.00151243028641649,0.000740516596750842,0.00429896554396383,0.00561555640280357,0.0040295777233813,5.04443313755052e-05,0.00177756604645448,0.00289457543261689,0.00201690652659942,2.90838873498162e-05,0.00173149111196596,0.000512292092461573,-0.000168513544938714,-0.00013637385707222,-5.2155347143914e-05,-5.14847935359222e-05,-4.39421410778483e-05
PY,PRY,Paraguay,2020-05-03,2020-05-03,420,0.00238095238095238,0.00466102215134054,0.00360402053167975,6.40255468224488e-05,0,0,0,0,0.00264084507042254,0.000585287841350913,0.00423171770910344,0.00543723208246191,0.00401018893229776,5.07896249973026e-05,0.00183872738272201,0.00291734028984666,0.00208111815013105,3.03166106617619e-05,0.00168122858568717,0.000494410775784011,-0.000144977290967005,-0.00010828336016738,-2.20533063151836e-05,-2.18053643411403e-05,-4.48878740838629e-05
PY,PRY,Paraguay,2020-05-04,2020-05-04,445,0.00674157303370787,0.00760290977344065,0.00872973168705627,9.82033834802528e-05,0.00449438202247191,0.00621476820913292,0.00741364097650523,9.05586395599153e-05,0.00268886043533931,0.000574238152624111,0.00420131492831396,0.00529103873973991,0.00402905664473168,5.14243863154098e-05,0.00193143783288001,0.00298018423337431,0.0021803310314017,3.19375683594716e-05,0.00162791196508803,0.000474664336165184,-0.000116250204362872,-7.54143799194551e-05,9.76893811228232e-06,1.07671818625959e-05,-4.6646983634769e-05
PY,PRY,Paraguay,2020-05-05,2020-05-05,449,0.0044543429844098,0.00615952665452123,0.00429098437467381,7.00865633280899e-05,0.0022271714922049,0.00436031220485391,0.00194406527231623,4.72305432212109e-05,0.00123437252729862,0.000387162984195599,0.00420435298853543,0.00517623122472106,0.00408001615202405,5.22761869730878e-05,0.00205062793486279,0.00307497725094143,0.00230915015300668,3.38534863718734e-05,0.001572326614304,0.000453599654652348,-8.41969531711812e-05,-4.02439278748314e-05,4.16628941187856e-05,4.43488661775771e-05,-4.89069358313908e-05
PY,PRY,Paraguay,2020-05-06,2020-05-06,395,0.00253164556962025,0.00495564922847571,0.000213052648511964,1.59255753636778e-05,0.00253164556962025,0.00495564922847571,0.000213052648511964,1.59255753636778e-05,0.00168870365047427,0.000482375894521755,0.004234402403814,0.00508955081839915,0.00415344644420442,5.32495071221298e-05,0.00218938555745032,0.00319167735574398,0.00245928559711496,3.59454273873115e-05,0.00151578071697826,0.000431918955593294,-5.12513858387821e-05,-5.81287414241688e-06,7.17470268576115e-05,7.66178142304799e-05,-5.1219868378182e-05
PY,PRY,Paraguay,2020-05-07,2020-05-07,770,0.00779220779220779,0.00621061070777388,0.00659804682294657,7.46233351322392e-05,0.0012987012987013,0.00254375437294792,0.000750307393651534,2.52383569498769e-05,0.000587619589768074,0.000203536231873988,0.00428320214620727,0.00502592194197799,0.00423744548891,5.42370141132651e-05,0.00233929779447592,0.00331905358534545,0.00261980070866978,3.80736805419803e-05,0.00145991205787545,0.000410393882033634,-2.00145203480412e-05,2.46595640464088e-05,9.80934654515908e-05,0.000104984160047931,-5.31224720584488e-05
PY,PRY,Paraguay,2020-05-08,2020-05-08,779,0.00128369704749679,0.00251438457069053,0.000855418306398817,2.69750031214221e-05,0.00128369704749679,0.00251438457069053,0.000855418306398817,2.69750031214221e-05,0.000918155609012615,0.000254378214105874,0.00434162047620016,0.00497916858667833,0.00431937292197352,5.51325049938595e-05,0.0024910251393139,0.00344580978330123,0.00277801191331539,4.0091765477243e-05,0.0014064663249369,0.000389773239512171,7.10915537272215e-06,4.82991997653704e-05,0.000118909848809904,0.000126850897785995,-5.41707978381764e-05
PY,PRY,Paraguay,2020-05-09,2020-05-09,681,0.00293685756240822,0.00406422093065307,0.00420553127158486,6.00700559973417e-05,0.00146842878120411,0.00287595363011699,0.00145104375004812,3.533358331622e-05,0.000890637945318973,0.000266085722270096,0.00440058609718886,0.00494279134270861,0.00438676765139533,5.58388012253501e-05,0.00263517143050449,0.00356167130504352,0.00292057703273452,4.18590729919025e-05,0.0013570677122597,0.000370699270235434,2.8144731347571e-05,6.27631198495962e-05,0.000132740674630413,0.000139909813767246,-5.40268122379119e-05
PY,PRY,Paraguay,2020-05-10,2020-05-10,822,0.00851581508515815,0.00628156978736618,0.00913696096922512,8.77405440594547e-05,0.0048661800486618,0.0047571518251602,0.00711932037954909,7.75283287902966e-05,0.000655093350802489,0.000208217479868076,0.0044524657869458,0.00491088189029353,0.00442971582087109,5.6283153153671e-05,0.00276289924601797,0.00365803450992987,0.00303488292364842,4.32530504173301e-05,0.00131299551954728,0.000353641244191546,4.18584764386404e-05,6.67765293565687e-05,0.00013857690218966,0.000142425315374453,-5.24860742567917e-05
PY,PRY,Paraguay,2020-05-11,2020-05-11,731,0.00547195622435021,0.00534772697704102,0.00734514261180033,7.91570440379257e-05,0.00410396716826265,0.00463445151084757,0.00646876399736976,7.43176095509101e-05,0.00245117111508832,0.000427467922201426,0.00449176438855886,0.00487868088169708,0.00444102257018475,5.6419917102225e-05,0.00286653973595321,0.00372841973242924,0.00310989396889041,4.41774533559284e-05,0.00127507851406511,0.000338865982309025,4.79019000039047e-05,6.01677363601163e-05,0.000135985300181737,0.000133457302647288,-4.95413500398148e-05
PY,PRY,Paraguay,2020-05-12,2020-05-12,634,0.00315457413249211,0.00436503510882734,0.00540783657697408,6.79432804209786e-05,0.00315457413249211,0.00436503510882734,0.00540783657697408,6.79432804209786e-05,0.0011699590514332,0.00031780657562206,0.00451548793286956,0.00484299123636021,0.00441793847569719,5.62388739881529e-05,0.00294040512321716,0.0037689223376948,0.00313799969643861,4.45753783622292e-05,0.00124364111659896,0.00032644038626766,4.68475881759271e-05,4.40820052487941e-05,0.000125169927627807,0.000113119016553941,-4.53566000632166e-05
PY,PRY,Paraguay,2020-05-13,2020-05-13,620,0.00806451612903226,0.00704016952321859,0.00715737977686781,7.73283489772789e-05,0.00645161290322581,0.00630203641781285,0.00633239160787227,7.27655723248084e-05,0.00060229799851742,0.0002314419129549,0.0045236378419205,0.00480255329709917,0.00436224610304897,5.57661280207998e-05,0.00298108322649244,0.00377816722476058,0.00311565309700479,4.44325745482174e-05,0.00121855736325158,0.000316261781896014,4.00726159522048e-05,2.08001023564956e-05,0.00010696423866942,8.26420647225007e-05,-4.02257824373112e-05
PY,PRY,Paraguay,2020-05-14,2020-05-14,666,0.0015015015015015,0.0029406786596819,0.000378214664682122,1.7841655608616e-05,0.0015015015015015,0.0029406786596819,0.000378214664682122,1.7841655608616e-05,0.00110466721900028,0.0003000805711087,0.00451903806009767,0.00475803828935664,0.00427973122971428,5.50584264335625e-05,0.00298807198243632,0.0037574761894692,0.00304360031053525,4.37768162149936e-05,0.00119942781606876,0.000308119879216396,2.95695973162519e-05,-6.60694870987354e-06,8.28411405204024e-05,4.42647328699768e-05,-3.45064181446903e-05
PY,PRY,Paraguay,2020-05-15,2020-05-15,614,0.00651465798045603,0.00636341793234067,0.00756809237490295,7.97771496313108e-05,0.00651465798045603,0.00636341793234067,0.00756809237490295,7.97771496313108e-05,0.00138536134841838,0.000350295450185258,0.0045060348016888,0.0047115228122446,0.00417933289826528,5.41974093101339e-05,0.00296288283503048,0.00371000276499216,0.00292679139169444,4.26738628717301e-05,0.00118556885456644,0.00030172920560895,1.75747840833224e-05,-3.45724588550092e-05,5.46185674209999e-05,1.03572649332051e-06,-2.85831429488765e-05
PY,PRY,Paraguay,2020-05-16,2020-05-16,727,0.00412654745529574,0.00465989772768359,0.0031644118606173,5.1876477520454e-05,0.00275103163686382,0.00380741727321753,0.00243531158662474,4.55260542534629e-05,0.00154753276263982,0.000340987214198063,0.00449112069447255,0.0046666653486829,0.004072813332404,5.32843636581777e-05,0.00290984776564076,0.00364109590593589,0.00277413684982442,4.1224359229805e-05,0.00117614481383449,0.000296781486578712,6.4424845877915e-06,-5.94837480778487e-05,2.44914199371312e-05,-4.34576789706669e-05,-2.28084509521314e-05
PY,PRY,Paraguay,2020-05-17,2020-05-17,813,0.00492004920049201,0.00480968383692612,0.00489355885103205,6.39705165230307e-05,0.002460024600246,0.00340516136757567,0.0032663106551595,5.23059378574869e-05,0.000855193116568058,0.000239347262858675,0.0044814309726481,0.00462799743103057,0.00397313511374356,5.24279762794046e-05,0.00283525974758824,0.00355742465656505,0.00259756064838888,3.9551176466832e-05,0.00117049490951586,0.000293015225945647,-1.72223598512641e-06,-7.79812427401984e-05,-5.21333139416277e-06,-8.53888867502547e-05,-1.74306007582086e-05
PY,PRY,Paraguay,2020-05-18,2020-05-18,786,0.00508905852417303,0.00497447948501817,0.00111718888005702,3.08535628774499e-05,0.00381679389312977,0.00431077921667533,0.000726099570266476,2.48785527271749e-05,0.000649221835494401,0.00021200638281032,0.00448363691089057,0.00460016568479516,0.00389236115509917,5.17309944317369e-05,0.00274609099385528,0.0034659848434045,0.00240957315775748,3.77811436957946e-05,0.00116767891874406,0.00029017461148691,-5.30850366316588e-06,-8.75962200996693e-05,-3.23856882269802e-05,-0.000121404423113522,-1.26603663091504e-05
PY,PRY,Paraguay,2020-05-19,2020-05-19,828,0.00120772946859903,0.00236567641768157,0.00113311361017175,3.0881850099687e-05,0,0,0,0,0.00092413533448565,0.000246368977335398,0.00450368032939982,0.0045873716758697,0.003841429385766,5.12827526017983e-05,0.00265027020024928,0.00337395691534448,0.00222337529638936,3.60402748782742e-05,0.00116685779976687,0.000288052535509702,-3.32625208677966e-06,-8.68027862138289e-05,-5.51355043738601e-05,-0.000148712966769238,-8.61659391411843e-06
PY,PRY,Paraguay,2020-05-20,2020-05-20,676,0.00591715976331361,0.0057815286126638,0.00407446210583653,5.87091286817077e-05,0.0029585798816568,0.00409423713648001,0.00146989767315013,3.5308656358359e-05,0.000714736178263612,0.000240159151020972,0.00454576495860407,0.00459290699894998,0.0038296581380199,5.11544950574229e-05,0.0025551173553481,0.00328775865179902,0.00205131543754161,3.44426334239346e-05,0.00116719231526857,0.000286484304288986,4.45448308439983e-06,-7.50121819490646e-05,-7.21591045147037e-05,-0.000165380812165607,-5.37258346669837e-06
PY,PRY,Paraguay,2020-05-21,2020-05-21,620,0,0,0,0,0,0,0,0,0.00328714588992627,0.000536007484414446,0.00461236151744032,0.00461875794918165,0.0038629877446164,5.13886716736481e-05,0.0024678656742203,0.0032132289660108,0.00190381351877709,3.30813368647779e-05,0.00116789947149055,0.00028534669265477,1.77211192919203e-05,-5.2724192274814e-05,-8.25028601350302e-05,-0.000170496312152892,-2.94489717931459e-06
PY,PRY,Paraguay,2020-05-22,2020-05-22,640,0.0015625,0.0030600502563685,0.000866279996528462,2.69463683468775e-05,0.0015625,0.0030600502563685,0.000866279996528462,2.69463683468775e-05,0.000398618123837364,0.000184112087912059,0.00470382995075888,0.00466537117584336,0.0039448223205542,5.20016226655429e-05,0.00239440162590628,0.00315464378731135,0.00178917310658756,3.20258025505583e-05,0.0011682868973704,0.000284550602312251,3.54515427143882e-05,-2.13318353083003e-05,-8.59076899557474e-05,-0.00016416062387281,-1.3096527440147e-06
PY,PRY,Paraguay,2020-05-23,2020-05-23,712,0.00842696629213483,0.00671438247058621,0.00896673351410233,8.68526040516491e-05,0.00421348314606742,0.00475786204580003,0.00206613006639922,4.18361109880244e-05,0.000478116222084985,0.000191237079596898,0.0048191226706044,0.00473195158389638,0.00407569373808124,5.29822814890088e-05,0.00233999618459848,0.00311546738765052,0.00171340813891756,3.13231404451488e-05,0.0011677667870051,0.00028403484455447,5.62819496593829e-05,1.70931040562801e-05,-8.25439271649586e-05,-0.000147358751578554,-4.54687085126887e-07
PY,PRY,Paraguay,2020-05-24,2020-05-24,708,0.00706214689265537,0.00616823440166475,0.00424756966212739,5.95989274577247e-05,0.00423728813559322,0.00478468543063938,0.00268799508788816,4.74484751809122e-05,0.000621965410697805,0.000218876117779296,0.00495598261238935,0.00481669987076851,0.00425437792586524,5.43018205225914e-05,0.00230867366186452,0.0030978974839933,0.00168056258641438,3.10003151608096e-05,0.00116585857223859,0.000283754398737288,7.87242835831303e-05,6.03361284610114e-05,-7.29028886651269e-05,-0.000121501761890516,-3.0339108424438e-07
PY,PRY,Paraguay,2020-05-25,2020-05-25,764,0.00392670157068063,0.00443466694655476,0.00333737539182776,5.26247560386466e-05,0.00130890052356021,0.00256371841045948,0.000579310279073935,2.1955496612837e-05,0.00276459819927523,0.000444782916147322,0.0051115221745172,0.00491693379492754,0.00447729504473383,5.5911497632754e-05,0.00230362944447125,0.00310321517859937,0.00169285155300168,3.1067464841671e-05,0.00116240316123709,0.000283711873414124,0.00010130697418623,0.000105977609827973,-5.77734592963377e-05,-8.84206238979474e-05,-7.42439754964115e-07
PY,PRY,Paraguay,2020-05-26,2020-05-26,680,0.00441176470588235,0.00498126542595712,0.00392362923508528,5.7643767332307e-05,0.00147058823529412,0.0028801798593043,0.0017596743884986,3.86452186019667e-05,0.000646844027125717,0.000227628329136408,0.00528324468429829,0.00503020008067749,0.0047398336487321,5.77562257982996e-05,0.00232710079132359,0.00313192292883035,0.00175079387845708,3.15200862470299e-05,0.0011574372424964,0.000283927219452936,0.000122913287615702,0.000151695918452033,-3.80027606707515e-05,-5.00869265140883e-05,-1.62584546202793e-06
PY,PRY,Paraguay,2020-05-27,2020-05-27,765,0.00784313725490196,0.00625104249721436,0.00468466370006286,6.28775154540905e-05,0,0,0,0,0.000850245831947063,0.000245600349071241,0.00546908915200847,0.00515431738665307,0.00503613198655938,5.97767037167405e-05,0.00238016596904868,0.00318355273871812,0.0018532306473848,3.23390089992539e-05,0.00115137222818418,0.00028445128368276,0.000142787939094692,0.00019552404032383,-1.46166175286045e-05,-8.43047856538161e-06,-2.75454055106202e-06
PY,PRY,Paraguay,2020-05-28,2020-05-28,725,0.00413793103448276,0.00467272591136005,0.00227587217072718,4.37894510003704e-05,0.00137931034482759,0.0027015335431937,0.00107112572391666,3.00592290896927e-05,0.00166044812564709,0.000352698066638392,0.00566776892145132,0.00528760822658293,0.00535949221269338,6.19134047977664e-05,0.00246289624651646,0.0032571152118729,0.00199779637153096,3.34970751400235e-05,0.00114483093503982,0.000285354385321881,0.000160656495115405,0.00023577831535653,1.1415770101697e-05,3.47705441572339e-05,-3.90932705509593e-06
PY,PRY,Paraguay,2020-05-29,2020-05-29,737,0.00407055630936228,0.00459679902518196,0.00150302434856877,3.59558227468024e-05,0.00271370420624152,0.00375582654094832,0.000427686688356639,1.91903467292054e-05,0.0015756201602521,0.000340761312594773,0.00587830435064495,0.00542854263540572,0.00570201831428697,6.41057016161496e-05,0.00257372519710645,0.00335036052817421,0.00218008925032097,3.49499151257104e-05,0.00113859904967659,0.000286711515463334,0.000176530280006759,0.000271054096034289,3.89548354179942e-05,7.77801852339016e-05,-4.86128955475173e-06
PY,PRY,Paraguay,2020-05-30,2020-05-30,886,0.00790067720090294,0.00582962965472455,0.0101210515231141,9.24611891077241e-05,0.00112866817155756,0.00221090022323099,0.000167848366499405,1.19667914113525e-05,0.000864276568501921,0.00023041788909206,0.00609900460325629,0.00557534610007958,0.00605451229222322,6.6290832540559e-05,0.00270934832115828,0.00346007833646011,0.00239399558613964,3.66401248224601e-05,0.00113362197495004,0.000288605697861571,0.00019050366514449,0.000300022394392997,6.67791098822941e-05,0.000118905499954209,-5.37276621475836e-06
PY,PRY,Paraguay,2020-05-31,2020-05-31,848,0.00589622641509434,0.0051529164654204,0.00624762366807689,7.30199223706266e-05,0.00235849056603774,0.00326478429016901,0.00129227178326014,3.32920840315518e-05,0.000653923541247485,0.00020516379113477,0.00632793518258519,0.0057260589401509,0.00640728353524634,6.84111117526449e-05,0.00286491042431454,0.00358207949445295,0.00263184656179673,3.85002222167044e-05,0.00113071861894688,0.000291075203898427,0.000202735501344664,0.000321664748418751,9.3546829973882e-05,0.000156499168132508,-5.28075704836776e-06
PY,PRY,Paraguay,2020-06-01,2020-06-01,666,0.00600600600600601,0.00586807610410062,0.0141975575956925,0.000107788216694832,0.00450450450450451,0.00508573982437825,0.00755749856261324,7.8906219499648e-05,0.000683921434525209,0.000236881287246885,0.00656118384196843,0.00587755193766077,0.00674944059921737,7.04039072551522e-05,0.00303384579692887,0.003711268270116,0.00288447811971965,4.04525003170881e-05,0.00113064281587545,0.000294136555039823,0.000212989859611691,0.000334934491747546,0.000117790834267547,0.000188947373543762,-4.46573777015918e-06
PY,PRY,Paraguay,2020-06-02,2020-06-02,702,0.00712250712250712,0.00622076526648248,0.00465649921184166,6.28185121521229e-05,0.00284900284900285,0.00394281536817675,0.00153224431268559,3.60912910479389e-05,0.00125465436295937,0.000312107159850542,0.00679181510108253,0.00602509422388345,0.00706846806715984,7.22015684650253e-05,0.00320786795860838,0.00384164641912555,0.00314094439388088,4.24095943307726e-05,0.00113369542071255,0.000297737570410793,0.000220454324845677,0.000338722680100078,0.000137950331593284,0.000214618957749346,-2.94613457860529e-06
PY,PRY,Paraguay,2020-06-03,2020-06-03,632,0.00316455696202532,0.00437882658519984,0.0016519787556328,3.75880634805283e-05,0.00316455696202532,0.00437882658519984,0.0016519787556328,3.75880634805283e-05,0.00129666890230271,0.000333488942704471,0.00701120635108533,0.00616274706047748,0.0073522878505349,7.37371546894336e-05,0.00337799561100741,0.00396688963361525,0.00339028877934308,4.42853861554047e-05,0.00113986205809286,0.000301773392611514,0.000223906238272335,0.000332132606306921,0.000152516560748492,0.000232082067968685,-8.28146157828055e-07
PY,PRY,Paraguay,2020-06-04,2020-06-04,619,0.00484652665589661,0.00547095447497698,0.00854978824472991,8.51256393296449e-05,0.00161550888529887,0.0031637805735072,0.00679626849731314,7.59629265001299e-05,0.000437264107520943,0.000196571317808794,0.00720801444111846,0.00628305960655124,0.00758799456260108,7.49380157328739e-05,0.00353470510105725,0.00408046670476134,0.00362084401545127,4.59918197858924e-05,0.00114885064133917,0.00030610649794317,0.000221618348412252,0.000314329374719018,0.000160163317325133,0.000240125794188385,1.70859861042968e-06
PY,PRY,Paraguay,2020-06-05,2020-06-05,573,0.0157068062827225,0.0101806841703347,0.0130881282533447,0.00010456251403555,0.0104712041884817,0.00833457219230027,0.00734035453974188,7.85338268985502e-05,0.0015621900416584,0.000385453675115532,0.0073692447259409,0.0063777109492057,0.00776404643392899,7.57352051532909e-05,0.00366849219615893,0.00417598434377855,0.00382177861601582,4.74481116099959e-05,0.00115997869066642,0.000310562681149769,0.000211706687114101,0.000284922356950961,0.000159857312500107,0.000237963838312697,4.39278595272967e-06
PY,PRY,Paraguay,2020-06-06,2020-06-06,578,0.00346020761245675,0.00478721103490345,0.00413794129074884,5.97911568970025e-05,0,0,0,0,0.00103057368601855,0.000311514734550913,0.00748200411648831,0.0064386109748272,0.00786970424784605,7.60635057702659e-05,0.00377125856937636,0.00424801288169961,0.00398333774385535,4.85828589952258e-05,0.00117228726805752,0.0003149511795536,0.000192344822317188,0.000243736785433285,0.000151058024176969,0.000225248530343104,6.92810818510585e-06
PY,PRY,Paraguay,2020-06-07,2020-06-07,595,0.00672268907563025,0.00656593196796616,0.00801456647043177,8.18388232764915e-05,0.00168067226890756,0.00329128783759775,0.00076382181222584,2.53569383125493e-05,0.000929434474869522,0.000291563158945261,0.0075351136163515,0.00645893415457573,0.00789819430081362,7.58769376465963e-05,0.00383669728252827,0.00429239589943124,0.00409823592367812,4.93423712398974e-05,0.00118483731450105,0.00031911310485341,0.000162321629063845,0.000191458950266042,0.000133808580933234,0.000202292967326412,9.03241643760011e-06
PY,PRY,Paraguay,2020-06-08,2020-06-08,557,0.0143626570915619,0.00988089908894517,0.0218439110032407,0.000134689395708634,0.00897666068222621,0.00783285053134181,0.0145351240979189,0.000110279317762856,0.00171825779073703,0.000414181798017585,0.00752099160130801,0.00643436859141271,0.0078468933347647,7.51533949394124e-05,0.00386155951979244,0.00430711223974637,0.00416255564600299,4.96972637253e-05,0.00119676115452893,0.00032293243037518,0.000121529416704246,0.000129737544600809,0.000108948593530676,0.000170268542020353,1.05109556360628e-05
PY,PRY,Paraguay,2020-06-09,2020-06-09,507,0.00986193293885602,0.00860147661119644,0.00782557296688205,8.02182905976549e-05,0.00394477317554241,0.00545628238701117,0.0021369003526507,4.20386666462678e-05,0.00173952079007912,0.000432617226612177,0.00743763325725747,0.00636449644862283,0.00771870116356893,7.39070321210773e-05,0.00384616751243155,0.00429289856032561,0.00417609229843649,4.96477515239735e-05,0.00120741781390955,0.000326347696500897,7.10711510286913e-05,6.10688855056712e-05,7.80286502373567e-05,0.000130967253182236,1.1259292636116e-05
PY,PRY,Paraguay,2020-06-10,2020-06-10,618,0.0145631067961165,0.00944485466338611,0.00817574706700691,8.30051478322712e-05,0.00970873786407767,0.00773066251957854,0.00695910699898889,7.66274309308626e-05,0.00154193132652122,0.000368927167046916,0.00728961484393306,0.00625322865913601,0.00752312029838648,7.21947599966155e-05,0.00379471559548021,0.00425335680434202,0.00414344408878316,4.92301269674381e-05,0.00121650091637318,0.000329364076992197,1.3600067135766e-05,-1.08123773690995e-05,4.3335082403826e-05,8.71000122219815e-05,1.12750458390019e-05
PY,PRY,Paraguay,2020-06-11,2020-06-11,604,0.00496688741721854,0.00560648347543583,0.00349582831579664,5.44083983460614e-05,0.00165562913907285,0.0032422861352356,0.00181885174429061,3.92784792884947e-05,0.000824344057656979,0.000272987965978334,0.00708851311252012,0.00610919336281612,0.00727622725077255,7.0117946106157e-05,0.00371534214639894,0.00419524148581272,0.00407337684814126,4.85158671429202e-05,0.00122399944661415,0.000332032098666519,-4.67886022367966e-05,-8.13031971927396e-05,7.80832504000279e-06,4.19330386875743e-05,1.06701259912889e-05
PY,PRY,Paraguay,2020-06-12,2020-06-12,731,0.00820793433652531,0.00654058590409039,0.00925226362295694,8.80456485616448e-05,0.00547195622435021,0.00534772697704102,0.00707948757425201,7.71010879944417e-05,0.000779225839128826,0.000241386049945362,0.00685209854984523,0.00594512479820028,0.0069988507043441,6.78183243197141e-05,0.00361935135842801,0.0041278331625428,0.0039791966707105,4.7613638732084e-05,0.0012303530493243,0.000334458029126584,-0.00010498426110718,-0.000145142257250324,-2.53178684913903e-05,-6.901788574758e-07,9.67763021113136e-06
PY,PRY,Paraguay,2020-06-13,2020-06-13,655,0.00458015267175573,0.00517095271272166,0.00978596989116266,9.03982219522399e-05,0.00152671755725191,0.00299002634708173,0.00836775079101478,8.36513786468296e-05,0.000783681999259856,0.000255897752108537,0.00660349281806166,0.00577730091691387,0.00671777407698522,6.54783054574671e-05,0.00352044419689181,0.00406257041289222,0.00387748131333068,4.66629239145202e-05,0.00123618614665494,0.000336758852664148,-0.000155270133048306,-0.0001967367039714,-5.27088476060777e-05,-3.67924350579075e-05,8.55813869231575e-06
PY,PRY,Paraguay,2020-06-14,2020-06-14,588,0.00850340136054422,0.00742166558503208,0.00428058265587684,6.00785336370273e-05,0.00510204081632653,0.00575864971601463,0.00337337730535584,5.33578219810391e-05,0.0024769305488101,0.00048009071722113,0.00636726488813729,0.00562283159886335,0.00646086565722291,6.32917901925181e-05,0.00343283795968447,0.00401121395237182,0.00378625228273995,4.58154782830859e-05,0.00124250255534914,0.000339076920117681,-0.000192287785528454,-0.000231004612923632,-7.14535933513285e-05,-6.27172272105074e-05,7.62356680336904e-06
PY,PRY,Paraguay,2020-06-15,2020-06-15,586,0.0068259385665529,0.00666642741759534,0.0101591889285105,9.24759038481289e-05,0.00170648464163823,0.00334179342365677,0.000305050838377145,1.61040922179079e-05,0.000943807172934514,0.00029606973792593,0.00616742406406005,0.00549837956594494,0.00625578671009017,6.14533534708865e-05,0.003369369462302,0.00398446230711431,0.00372282640774288,4.52187417362649e-05,0.00125004408165151,0.000341503398557464,-0.000211701532199571,-0.000243819075579793,-7.94663416882591e-05,-7.55443151156016e-05,7.10437795699361e-06
PY,PRY,Paraguay,2020-06-16,2020-06-16,497,0,0,0,0,0,0,0,0,0.00114275919206925,0.000353935829979058,0.00602433884745613,0.00541787098562452,0.00612668904304196,6.0132449395659e-05,0.00334032665420642,0.00399084800395958,0.00370167538084823,4.49969645687077e-05,0.00125961117949406,0.000344119465110808,-0.000210879332746155,-0.00023273854255742,-7.57314902122984e-05,-7.36281179891554e-05,7.18504385348075e-06
PY,PRY,Paraguay,2020-06-17,2020-06-17,558,0,0,0,0,0,0,0,0,0.000916893767669307,0.000299375784697778,0.00595160329653981,0.00539047875095261,0.00609095018259778,5.94503078294252e-05,0.00335157430239365,0.00403491255101585,0.00373223198245341,4.5229967351134e-05,0.00127170002108338,0.000346963772310614,-0.000189484969330052,-0.000197546178029129,-6.06279740008818e-05,-5.68574776146424e-05,7.95009574487071e-06
PY,PRY,Paraguay,2020-06-18,2020-06-18,482,0,0,0,0,0,0,0,0,0.00157484994354312,0.00042364988372368,0.00595413744600538,0.00541932523003294,0.00615694334888698,5.9461841664698e-05,0.00340357437572836,0.00411651304214117,0.00381678431108611,4.59353821740431e-05,0.00128657392621653,0.000350050792988924,-0.000149660183973308,-0.000140317892576188,-3.59628304499427e-05,-2.70687266040641e-05,9.37014614870462e-06
PY,PRY,Paraguay,2020-06-19,2020-06-19,459,0.00217864923747277,0.00426542000735771,0.00171634236559682,3.85965304686202e-05,0.00217864923747277,0.00426542000735771,0.00171634236559682,3.85965304686202e-05,0.000872491586688271,0.000323028455802755,0.00602773881460828,0.00550124395707598,0.00632298228275095,6.01491886566292e-05,0.00349164433820712,0.00423094729408333,0.00395043737029937,4.70687200695425e-05,0.00130408524109968,0.000353361614966192,-9.59590005755632e-05,-6.57986323723784e-05,-4.79997644744785e-06,1.21593428281148e-05,1.1316515740789e-05
PY,PRY,Paraguay,2020-06-20,2020-06-20,522,0.00957854406130268,0.00835550320690064,0.00487249492745954,6.40839511221844e-05,0.00574712643678161,0.00648465152586292,0.00324855826719005,5.23688436302232e-05,0.000651306684034845,0.000260487285341348,0.00616026785193405,0.00562760495953648,0.00657767046735686,6.14263351842997e-05,0.00360626296955619,0.00436929976902236,0.00412084325565652,4.8522253771033e-05,0.00132367073861317,0.000356849894276322,-3.44995060338726e-05,1.9467468355659e-05,2.89041683119546e-05,5.57651621527619e-05,1.3528030544004e-05
PY,PRY,Paraguay,2020-06-21,2020-06-21,429,0.00233100233100233,0.00456335270740631,0.00231415675552603,4.4668601825887e-05,0.00233100233100233,0.00456335270740631,0.00231415675552603,4.4668601825887e-05,0.0010629816635663,0.000368101789349563,0.00633315137692955,0.00578562876929735,0.00690083151297664,6.31493638249341e-05,0.00373492285432465,0.00452021701788961,0.00431064138322399,5.01480393515209e-05,0.00134472992878215,0.000360493583031473,2.76212188115841e-05,0.000107507467147746,6.09255653371095e-05,9.79691625801857e-05,1.57809745217735e-05
PY,PRY,Paraguay,2020-06-22,2020-06-22,578,0.00519031141868512,0.00585802044527399,0.00488589302016009,6.40569047570932e-05,0.00519031141868512,0.00585802044527399,0.00488589302016009,6.40569047570932e-05,0.00101132187168545,0.000309403944107122,0.00652500072540931,0.00596081175814454,0.00726673743929106,6.51409073614628e-05,0.00386378450128105,0.00467139436027388,0.00449912087016266,5.1773222373933e-05,0.00136651460287818,0.000364279578067916,8.34436463255305e-05,0.000190008066041517,8.72429745124389e-05,0.000132907581552405,1.78172372306868e-05
PY,PRY,Paraguay,2020-06-23,2020-06-23,575,0.0191304347826087,0.0111964983016088,0.0201518658312973,0.000129083556664367,0.00869565217391304,0.00758872393112437,0.0125478435163592,0.000102253100362799,0.00372090700229747,0.000596340466713814,0.00671482460927508,0.00613905444246491,0.00764756792398001,6.72170786883609e-05,0.00397958292352894,0.00481123894099225,0.00466534643624932,5.32269372747869e-05,0.00138840314998651,0.000368221399929997,0.000127203552122546,0.000259436290230371,0.000104668103522548,0.000155519075632652,1.94505214838554e-05
PY,PRY,Paraguay,2020-06-24,2020-06-24,567,0.00529100529100529,0.00597136587675655,0.00507949419940512,6.51136194781677e-05,0.00352733686067019,0.00487992024787347,0.00376167563262884,5.60711813293705e-05,0.00160108072949241,0.00039194342695673,0.00688526404495229,0.00630895625247582,0.00801652896331994,6.92111819509626e-05,0.00407193103446706,0.00493088688613866,0.00479163070852765,5.43696180927113e-05,0.00141004531506927,0.000372373317356615,0.000155187766491152,0.000309930935738827,0.00011139277645645,0.00016247439957359,2.05785648087894e-05
PY,PRY,Paraguay,2020-06-25,2020-06-25,495,0.00808080808080808,0.00788698535392863,0.0137520895010122,0.000107047650102022,0.00404040404040404,0.00558828761547303,0.0102998279062863,9.28039693797007e-05,0.00057605345776088,0.000252389193896156,0.00702454888331235,0.00646302931508441,0.00835121336831869,7.09955964980849e-05,0.00413422416106183,0.0050250092023178,0.00486555805134133,5.51084134155454e-05,0.00143146020353401,0.00037682478630044,0.000166135011450678,0.00033803851426129,0.000107096637142452,0.000152520113506994,2.12291604057223e-05
PY,PRY,Paraguay,2020-06-26,2020-06-26,476,0.0126050420168067,0.0100221804066685,0.010657412741697,9.5154870906226e-05,0.00840336134453782,0.00820046835273769,0.00826432668686637,8.38944991108767e-05,0.000869044051543303,0.000316156482280157,0.00712865696223887,0.00659879766433769,0.00863488255375142,7.24908017239601e-05,0.00416487599618423,0.00509257595025754,0.00488122913581712,5.54059451211557e-05,0.00145307432538773,0.000381695685638606,0.000161398185050803,0.000342868681065761,9.31021711046725e-05,0.000126730980026767,2.15672644624276e-05
PY,PRY,Paraguay,2020-06-27,2020-06-27,488,0.0122950819672131,0.00977726761146578,0.0260391333470986,0.000148058873164715,0.00614754098360656,0.00693505412148761,0.0123750431235014,0.000102782650217489,0.0022887323943662,0.000507338995549126,0.00720020503903274,0.00671800300345814,0.00885827645396126,7.36711659180011e-05,0.00416732877409207,0.00513671259932231,0.00484086140566247,5.52882673389549e-05,0.00147572875235189,0.000387124006471059,0.000144508943683865,0.000326240823497436,7.20676532945697e-05,8.83700037397463e-05,2.18331372616231e-05
PY,PRY,Paraguay,2020-06-28,2020-06-28,571,0.00350262697022767,0.00484579524767297,0.000485027537249149,2.0316872938273e-05,0.00350262697022767,0.00484579524767297,0.000485027537249149,2.0316872938273e-05,0.00117579366072099,0.000335950124095541,0.00724818016620761,0.0068261116089371,0.00901812181827906,7.45545152595338e-05,0.0041494279095813,0.00516401892632644,0.00475293384552155,5.48306631051271e-05,0.00150042544400821,0.000393231061478195,0.000120529906799717,0.000291897396498,4.76072347167083e-05,4.23021625598154e-05,2.23184735216711e-05
PY,PRY,Paraguay,2020-06-29,2020-06-29,680,0.00735294117647059,0.00642128004137351,0.00640144839864809,7.32504512566195e-05,0.00441176470588235,0.00498126542595712,0.00203246314265217,4.1365211723873e-05,0.00120182170869529,0.000311809669155558,0.0072850219430713,0.00693026439616414,0.00911696380987528,7.51914994973955e-05,0.00412245021064521,0.00518352147249611,0.00463195734561722,5.41503355870466e-05,0.00152839890814305,0.000400128585403366,9.50328889660356e-05,0.000244899314315879,2.3811214519378e-05,-5.56484843868346e-06,2.33326263594233e-05
PY,PRY,Paraguay,2020-06-30,2020-06-30,540,0,0,0,0,0,0,0,0,0.0014057982546882,0.000378205357019163,0.00732425120065654,0.00703775109209635,0.0091608492482494,7.5648888458985e-05,0.0040989970981112,0.00520492038357479,0.0044954695835418,5.33820465603903e-05,0.00156069724629937,0.000407867192100822,7.31645259507073e-05,0.000190720047488244,4.51101060735644e-06,-4.93601874976429e-05,2.51086552050172e-05
PY,PRY,Paraguay,2020-07-01,2020-07-01,565,0.00353982300884956,0.00489716361998033,0.00210741847406763,4.194015366898e-05,0.00353982300884956,0.00489716361998033,0.00210741847406763,4.194015366898e-05,0.00135477109480841,0.000364486706972194,0.0073781125080319,0.00715438129075415,0.00915865375905988,7.5997388342439e-05,0.00409167362899807,0.00523761205609666,0.00436217603316588,5.26649536779436e-05,0.00159819082332375,0.000416441450447552,5.89272707865921e-05,0.000134573398456865,-7.09175534395985e-06,-8.38970030292424e-05,2.77884366316227e-05
PY,PRY,Paraguay,2020-07-02,2020-07-02,423,0.00709219858156028,0.00799692112497565,0.0109091186258247,9.66295947305434e-05,0.00472813238770686,0.00653722730029359,0.00960685560595248,9.07385157903075e-05,0.00244357712540302,0.000563737114770621,0.00745547643727484,0.00728332227874382,0.00912000697287907,7.62986067244821e-05,0.00411129880822605,0.00528918890246243,0.00425021797657025,5.21272888681676e-05,0.0016413683963528,0.000425772320372494,5.44699125059954e-05,8.08540698546076e-05,-8.92953132636409e-06,-0.000105168526541146,3.13823451608442e-05
PY,PRY,Paraguay,2020-07-03,2020-07-03,381,0.0078740157480315,0.00887497533564059,0.0306583409941307,0.000154966598988707,0.0026246719160105,0.00513750699044113,0.0035811967668287,5.36982814582323e-05,0.000828500414250207,0.000346058482769981,0.00756073634999129,0.00742468028924386,0.00905543098533226,7.66017483409957e-05,0.00416542919524108,0.00536458939594306,0.00417448377574547,5.18694570088917e-05,0.00169021179328783,0.000435702520008206,6.00885518264257e-05,3.28590885618343e-05,-3.16596475164604e-07,-0.000111062938319501,3.5747173489322e-05
PY,PRY,Paraguay,2020-07-04,2020-07-04,426,0.00704225352112676,0.00794080448991357,0.00596441194199447,7.1387216174586e-05,0.00234741784037559,0.00459545118714866,0.00187939086195513,4.01546395052096e-05,0.00124671473818991,0.000401461065584528,0.00769334148936457,0.00757543058326247,0.00897555088234987,7.69416747884665e-05,0.00425752679494657,0.00546545280357507,0.00414583453424115,5.19588038168599e-05,0.00174438188501093,0.000446025853399395,7.41935538594929e-05,-7.09515598819871e-06,1.80164808942116e-05,-0.000101183218546733,4.06594068337863e-05
PY,PRY,Paraguay,2020-07-05,2020-07-05,403,0.0148883374689826,0.011823917760261,0.0144215781997762,0.000110189663176181,0.00248138957816377,0.00485739641948826,0.00193816307136977,4.06502059065064e-05,0.000955481633519711,0.000360230908121039,0.00784796338039922,0.00773002017939073,0.00889086633431814,7.73389136341221e-05,0.00438618079329156,0.00558993720258399,0.00417028875102188,5.24252958255056e-05,0.0018031119692641,0.000456491973286078,9.38235728879864e-05,-3.76829125928573e-05,4.39550971077257e-05,-7.69447657658906e-05,4.57855101868413e-05
PY,PRY,Paraguay,2020-07-06,2020-07-06,464,0.00862068965517241,0.00841162749075858,0.00448618401532308,6.14979532437286e-05,0.00646551724137931,0.0072925969293041,0.00327319675834693,5.25620868015875e-05,0.00324556031843233,0.000616849096025989,0.00801664268095565,0.00788162422875926,0.008812547264119,7.78083733964573e-05,0.00454583450803443,0.00573319720150243,0.00424890680862959,5.32625119338408e-05,0.00186535096751143,0.000466833051935457,0.000115398580049852,-5.80503306883996e-05,7.44729016538719e-05,-4.10937958187015e-05,5.07756202020103e-05
PY,PRY,Paraguay,2020-07-07,2020-07-07,462,0.00216450216450216,0.00423775251586955,0.00212449811462586,4.25003786582257e-05,0,0,0,0,0.00165700082850041,0.000441584504278025,0.00818879138046972,0.00802270917509986,0.00875034690441155,7.8353798729785e-05,0.00472680580423481,0.00588767627778099,0.00437766658569584,5.44280693321413e-05,0.00192997760666515,0.000476804854582938,0.000135113145406303,-6.80511424413884e-05,0.000105855362539456,2.58175875499335e-06,5.52977972235671e-05
PY,PRY,Paraguay,2020-07-08,2020-07-08,442,0.00226244343891403,0.00442928863177487,0.000413480853800211,1.89872232798541e-05,0.00226244343891403,0.00442928863177487,0.000413480853800211,1.89872232798541e-05,0.00203048957359719,0.000500884066420234,0.00835438336356237,0.00814681987259961,0.00871303595933795,7.89746790031596e-05,0.00491742549687987,0.00604464582241011,0.00454834862859968,5.58526676380807e-05,0.0019960126353066,0.000486224759093925,0.000149817821047922,-6.7828502256854e-05,0.000134354448108971,4.96884420049058e-05,5.91073731589677e-05
PY,PRY,Paraguay,2020-07-09,2020-07-09,404,0.0099009900990099,0.00965463889153222,0.0077744060503556,8.77253947456896e-05,0.00742574257425743,0.00837160747360691,0.00742855904708992,8.57668946890776e-05,0.00208790431028381,0.000532204839516774,0.00850448606620011,0.00824901991134911,0.00870788380228882,7.96682715205609e-05,0.00510480045661405,0.00619482974114919,0.00474936996742877,5.74449969982115e-05,0.00206241807974425,0.000494955931264425,0.000157291619368137,-5.792453050724e-05,0.000156561876895493,9.58143652805511e-05,6.20343810760713e-05
PY,PRY,Paraguay,2020-07-10,2020-07-10,318,0.0157232704402516,0.013673024184974,0.0104952568418571,0.000114004517521803,0.00943396226415094,0.0106248624240046,0.00702100350056605,9.34084598135399e-05,0.00179420471875841,0.000555520555388461,0.00863296726974989,0.00832665314390168,0.00873898541334844,8.04231494434778e-05,0.00527706112582092,0.00632989048157213,0.00496666414688099,5.91013279133084e-05,0.00212843844035893,0.000502952638383202,0.000156604296730888,-3.94275781669051e-05,0.000169922388479058,0.000136804935439974,6.40094258913341e-05
PY,PRY,Paraguay,2020-07-11,2020-07-11,357,0.0140056022408964,0.0121899549540657,0.00977876108046523,9.4595771228012e-05,0.0112044817927171,0.0109185034386065,0.00954654915542923,9.34768195019175e-05,0.00406520757196239,0.000799150677162696,0.00873734837114684,0.00837985093089775,0.0088089621551995,8.12310964629964e-05,0.00542400335505943,0.00644313743168714,0.00518539084548222,6.07174601650812e-05,0.00219354393070571,0.000510242361399287,0.000148230831791271,-1.36506965197732e-05,0.000172970426961312,0.000169183682410057,6.50719935736026e-05
PY,PRY,Paraguay,2020-07-12,2020-07-12,483,0.0124223602484472,0.00987784505769255,0.0139314290323142,0.000100305490131596,0.0062111801242236,0.00700662123451204,0.00226402092904184,4.06744180429332e-05,0.00123239436619718,0.000372482071629381,0.00881962008351892,0.00841163564822922,0.00891802610426417,8.20826560252234e-05,0.00553919450438819,0.00653068000526198,0.00539104324875632,6.21966880709119e-05,0.00225743003341953,0.000516924934500338,0.000133829567093878,1.75798066908616e-05,0.000165559999392293,0.000190356073354455,6.53465109846831e-05
PY,PRY,Paraguay,2020-07-13,2020-07-13,652,0.00613496932515337,0.00599368888214812,0.0085267978819918,7.38654683222799e-05,0.00460122699386503,0.00519469044990568,0.00698937556965626,6.69274252266807e-05,0.00200264084507042,0.000411050480790133,0.00888539796856477,0.00842750147099694,0.00906486120179294,8.2972201190001e-05,0.00561985825865577,0.00659161050563321,0.00557063480048057,6.34592452491125e-05,0.00231980921853601,0.000523130791002634,0.000116101098015841,5.24190495635642e-05,0.000148842075736827,0.000198828035797455,6.49719353118092e-05
PY,PRY,Paraguay,2020-07-14,2020-07-14,475,0.00631578947368421,0.0071242524966203,0.00806974178876276,8.09901932230092e-05,0.00421052631578947,0.00582308654463162,0.00772260512103426,7.92429272039006e-05,0.0016853256289876,0.00044103355214662,0.00894439973676115,0.00843506679139387,0.00924758423733025,8.39001052198739e-05,0.00566766876430278,0.00662808657690648,0.00571407393484659,6.44487805964888e-05,0.00238081638793215,0.000529031791897074,9.83360621997969e-05,8.90913796653834e-05,0.000125040544570484,0.000194287551041151,6.41339587709243e-05
PY,PRY,Paraguay,2020-07-15,2020-07-15,556,0.00539568345323741,0.0060891839874799,0.00444663843238369,6.00351839073459e-05,0.00359712230215827,0.00497629117250048,0.00195524922559157,3.98596732120061e-05,0.00220882490515046,0.000469050656209342,0.00900756507749606,0.00844262294703595,0.00946303851089093,8.48685066509238e-05,0.00568764571399457,0.00664467976461858,0.00581463307565151,6.51348507218659e-05,0.00244040691290647,0.000534785881138712,8.38465018826581e-05,0.000125859118100351,9.71408762300875e-05,0.000177543851370456,6.29981388603689e-05
PY,PRY,Paraguay,2020-07-16,2020-07-16,461,0.0130151843817787,0.010346132272741,0.0112401673771776,9.79399299645897e-05,0.0108459869848156,0.00945505645776925,0.0101165666956901,9.2968665024859e-05,0.00288515232363343,0.000585528387519899,0.00908690031254601,0.00845869819973395,0.00970777148251313,8.58841008631057e-05,0.0056879335636109,0.00664793765350419,0.0058699413081542,6.55168384337362e-05,0.00249900380004893,0.000540556012980236,7.56555071326863e-05,0.000161464344860783,6.84787396316634e-05,0.000150546193545535,6.17608932816668e-05
PY,PRY,Paraguay,2020-07-17,2020-07-17,467,0.00642398286937902,0.00724590086302217,0.0102538033972119,9.26272401199735e-05,0.00642398286937902,0.00724590086302217,0.0102538033972119,9.26272401199735e-05,0.0033753720580564,0.000629707994321507,0.00919354079102699,0.0084910263694186,0.00997754476434948,8.69547607658378e-05,0.00567848315908303,0.00664546672705665,0.0058818431663264,6.5621563770888e-05,0.00255743534420799,0.000546514198285968,7.60320699800243e-05,0.000194763768191665,4.24133006705998e-05,0.000116075386807364,6.06485689170457e-05
PY,PRY,Paraguay,2020-07-18,2020-07-18,423,0.00945626477541371,0.00922304966155322,0.00567841923410239,6.90067402470881e-05,0.00472813238770686,0.00653722730029359,0.00337598642408232,5.32697149364893e-05,0.00275566442131047,0.000599284023283429,0.00933529332867078,0.0085451681515368,0.0102657017839512,8.8079225005325e-05,0.0056700861024486,0.00664501690171302,0.00585627598287913,6.54989796937864e-05,0.00261683764535852,0.000552815815526641,8.59455408586437e-05,0.000224612613281175,2.18152663434014e-05,7.7538789020468e-05,5.99012686564988e-05
PY,PRY,Paraguay,2020-07-19,2020-07-19,470,0.00425531914893617,0.00588490191135276,0.0190755920003182,0.00012675502778974,0.00212765957446809,0.00416569746002381,0.0145767386956421,0.000111058039086156,0.00327829043224866,0.000617263501857349,0.0095176366757855,0.00862490963423902,0.0105663805558518,8.92577557879762e-05,0.00567379781965713,0.0066540612234965,0.00580411354690655,6.52236485184448e-05,0.0026789466589812,0.000559638813574131,0.000105373117870123,0.000250253225676482,8.98992683355974e-06,3.89131244043294e-05,5.98562400741989e-05
PY,PRY,Paraguay,2020-07-20,2020-07-20,491,0.0142566191446029,0.0104857030287829,0.00823795975029857,8.31350403758278e-05,0.00610997963340122,0.00689281133073887,0.00163120631185977,3.71167963322315e-05,0.00218044669691791,0.000496253646063932,0.00974139570135081,0.00873128066265299,0.0108705408256866,9.04760788321624e-05,0.00569925349626416,0.00667886164809904,0.00573711114196552,6.48759286722959e-05,0.00274601515138063,0.000567180592389293,0.000132832660764944,0.000270492764726065,5.26412199356359e-06,3.8395345198222e-06,6.08664605747463e-05
PY,PRY,Paraguay,2020-07-21,2020-07-21,502,0.00199203187250996,0.0039004200319094,0.00136658086406365,3.36971474891562e-05,0.00199203187250996,0.0039004200319094,0.00136658086406365,3.36971474891562e-05,0.00283984968876395,0.000558609483805507,0.010004748948478,0.00886335139182393,0.0111699435582498,9.17173200393571e-05,0.00575534370613069,0.00672461394107348,0.00567077168570188,6.45498278551031e-05,0.00282079973210484,0.000575667923899647,0.000166197311830328,0.000284484174559812,1.12829986893536e-05,-2.39768983249378e-05,6.33988031997287e-05
PY,PRY,Paraguay,2020-07-22,2020-07-22,488,0.00819672131147541,0.00799965088985578,0.00565757993012099,6.88561098899305e-05,0.00614754098360656,0.00693505412148761,0.00383160413043645,5.67173389066211e-05,0.00199115692073439,0.000472787860636547,0.010303210008197,0.00901834169989637,0.011457190916466,9.2959782005567e-05,0.00584926064560646,0.00679505575568855,0.00562072124215203,6.43356854323013e-05,0.00290608409806266,0.000585316134989467,0.000202718282608492,0.000291569905658811,2.68878469992595e-05,-4.15366776670287e-05,6.78467163356203e-05
PY,PRY,Paraguay,2020-07-23,2020-07-23,424,0.0141509433962264,0.0112425045553137,0.0266940909221064,0.000147804777294184,0.00943396226415094,0.00920140077090274,0.00683699892562217,7.55612694514538e-05,0.00312234854912608,0.000637025018576247,0.01063181076006,0.00919281180318401,0.0117279230170804,9.41888835664696e-05,0.00598633343301056,0.00689252636940068,0.00560162145546379,6.43158662816947e-05,0.00300474188224444,0.000596338565145229,0.000239711661505504,0.000291729708788493,5.13083789879211e-05,-4.67036184771011e-05,7.45510896727418e-05
PY,PRY,Paraguay,2020-07-24,2020-07-24,426,0.00938967136150235,0.00915840644801981,0.0111553802265085,9.82502249388051e-05,0.00234741784037559,0.00459545118714866,0.00236496502885877,4.54386630738194e-05,0.0034959158291035,0.000670705596943595,0.0109857273034336,0.00938286502135359,0.0119815233640655,9.53949435484155e-05,0.00617046275931716,0.00701812648474256,0.005627420733091,6.45623040865843e-05,0.00311919515081229,0.000608905955986338,0.000275072329127133,0.000285970263352374,8.3396109478094e-05,-3.81425416313542e-05,8.37262509089601e-05
PY,PRY,Paraguay,2020-07-25,2020-07-25,429,0.0186480186480186,0.0128011266439428,0.0213848490708703,0.000133412134026061,0.00699300699300699,0.00788546992438429,0.0094790599150159,8.93615583079739e-05,0.00138813651137595,0.000424606561033974,0.0113616914764681,0.00958526165061156,0.012222701392343,9.65848792528496e-05,0.00640310455693356,0.00717163761232754,0.00570821305460038,6.51252025653214e-05,0.00325100897356461,0.000623105839689087,0.000307342466780433,0.000276053472748535,0.000121551122879406,-1.59834153843613e-05,9.53437190972355e-05
PY,PRY,Paraguay,2020-07-26,2020-07-26,478,0.0146443514644351,0.0107687605353495,0.016749923734663,0.000118285882453396,0.00418410041841004,0.00578661675639278,0.0019871995160586,4.10471770862336e-05,0.00265973523544702,0.000554966589351417,0.0117594372434071,0.00979782516475359,0.0124624009620153,9.77845167801878e-05,0.00668401165205537,0.00735173173726534,0.00585160592166784,6.60364086666215e-05,0.00340104770281245,0.000638952321484596,0.000336340257009384,0.00026531002272145,0.000164126359298535,1.90824632837197e-05,0.000109172091905304
PY,PRY,Paraguay,2020-07-27,2020-07-27,417,0.00959232613908873,0.00935511283542619,0.00565433930267462,7.01319049731523e-05,0.00719424460431655,0.00811156787327046,0.00400975146789514,5.91074579664257e-05,0.00383181441590721,0.00071147132724986,0.0121799245930255,0.0100189720559639,0.0127173857575897,9.90373009316493e-05,0.00701034750935548,0.00755564346812371,0.00606105123843622,6.73021462012783e-05,0.00356898226951549,0.000656338360647125,0.000362529274091244,0.000257907033223314,0.000209167300537465,6.50465921223901e-05,0.000124697089568441
PY,PRY,Paraguay,2020-07-28,2020-07-28,453,0.0154525386313466,0.0113584020539536,0.0137968004379874,0.00010720536202451,0.00883002207505519,0.00861497366439617,0.00542042012519983,6.74808208150451e-05,0.00277857621922008,0.00058305104649531,0.0126255378441144,0.0102476319026309,0.01300559178911,0.000100390792524509,0.00737654776054589,0.00777910596337264,0.00633572043657986,6.89026266974622e-05,0.00375345486539089,0.000675052118308793,0.000387054639319567,0.000258066812107326,0.000254547852489906,0.000119166532404638,0.000141228461221373
PY,PRY,Paraguay,2020-07-29,2020-07-29,502,0.00597609561752988,0.00674222769926313,0.0039577098311141,5.74840472622585e-05,0.00398406374501992,0.00551051914144427,0.000832804132392908,2.64105224901645e-05,0.00321931589537223,0.000595254216418968,0.0130979209423211,0.0104826355871263,0.0133476160237353,0.000101901504704158,0.00777372571273232,0.00801618136988454,0.00667126368356494,7.07959751750854e-05,0.00395213194484548,0.000694778504373135,0.000411018363710185,0.00026994883444247,0.000297898713286961,0.000178273704683525,0.00015789834376684
PY,PRY,Paraguay,2020-07-30,2020-07-30,426,0.00938967136150235,0.00915840644801981,0.00925288262530399,8.91015914508697e-05,0.00469483568075117,0.00649129906843074,0.0047543627971602,6.40142743086889e-05,0.00564724864701335,0.000851531268604927,0.0135961276026471,0.0107218134453435,0.0137600653407034,0.000103613367167126,0.00819048812122464,0.00825962461331342,0.00705934040350387,7.29190366638631e-05,0.00416202778308398,0.000715137009381694,0.00043506671653558,0.000296423662772981,0.000336670893651246,0.000238653278402145,0.000173805438711949
PY,PRY,Paraguay,2020-07-31,2020-07-31,423,0.00945626477541371,0.00922304966155322,0.0171354452072081,0.000120105945541227,0.00472813238770686,0.00653722730029359,0.0124707746750243,0.000102705019266028,0.00487671793472701,0.000797344775599751,0.0141166281956172,0.0109619173674589,0.0142555627895453,0.000105557057335248,0.00861327002981697,0.00850082967381261,0.00748893359854507,7.51919620524074e-05,0.00437982311874362,0.000735701818732618,0.00045915611985819,0.000338810232867039,0.000368360912147235,0.000296786757324115,0.000188135690863167
PY,PRY,Paraguay,2020-08-01,2020-08-01,377,0.0159151193633952,0.0126327716444048,0.00920034323750542,8.85397241909098e-05,0.0159151193633952,0.0126327716444048,0.00920034323750542,8.85397241909098e-05,0.00384468976018272,0.000748362870817669,0.0146514280873925,0.0111980167801153,0.0148383898936254,0.0001077357848085,0.00902669453134156,0.00873049575350216,0.00794635959658255,7.75246038759239e-05,0.00460198908718185,0.000756029880945067,0.000481998473997561,0.000395998155268352,0.000390447146547699,0.000349125612485785,0.0002001568973949
PY,PRY,Paraguay,2020-08-02,2020-08-02,417,0.0143884892086331,0.0114298503614574,0.0160666865978556,0.000115514261160282,0.00959232613908873,0.00935511283542619,0.00825972652507524,8.3151755053478e-05,0.00439711439367915,0.000760070616914366,0.0151893040686457,0.0114241748169618,0.0155046247319552,0.000110129196590739,0.0094155980054352,0.00893951448942862,0.00841680268242628,7.98263494479761e-05,0.00482527400012972,0.00077571362388594,0.000501563245936706,0.000464539829060913,0.000400875082679953,0.00039262524066501,0.000209381955102373
PY,PRY,Paraguay,2020-08-03,2020-08-03,433,0.0207852193995381,0.0134375604045677,0.0152920489491416,0.000113590007783672,0.0138568129330254,0.0110104687641539,0.00927977560196275,8.87560198913082e-05,0.00559431354482032,0.000838594932193579,0.0157172343727841,0.0116339802685751,0.0162411522358397,0.000112689182561489,0.0097662568697247,0.00911974077150395,0.00888440374847235,8.20089656951237e-05,0.00504690258816714,0.000794400449597301,0.000515282754778295,0.000539260074454964,0.000398284851529802,0.000424780551982082,0.000215574620462708
PY,PRY,Paraguay,2020-08-04,2020-08-04,407,0.0147420147420147,0.0117085816455819,0.0100101624536022,9.25608028959208e-05,0.00982800982800983,0.00958382766989503,0.00674357678807352,7.60969108115207e-05,0.00312989045383412,0.000652912795105418,0.0162217470997913,0.0118212782758432,0.0170261403211634,0.000115342323896208,0.0100680288984749,0.00926498033062632,0.00933374260782465,8.39964544068493e-05,0.00526495570038918,0.000811845609467859,0.000520637692911701,0.000613087382904687,0.000382383864290426,0.000443746487376618,0.000218803959257284
PY,PRY,Paraguay,2020-08-05,2020-08-05,422,0.0213270142180095,0.0137840136694624,0.0173550313976665,0.000118834919920888,0.0118483412322275,0.0103236303147832,0.00948985711856427,8.82251405651143e-05,0.00953780938055518,0.00111381632438908,0.0166916338187692,0.0119813415471791,0.0178322891335765,0.000118002725700872,0.0103143713455503,0.00937161852599309,0.00975008307094064,8.57276895572568e-05,0.00547826062311411,0.000827895431209647,0.000515917702687026,0.000678703965478854,0.000353980537387617,0.000448457111239461,0.000219372140005021
PY,PRY,Paraguay,2020-08-06,2020-08-06,394,0.0177664974619289,0.0130439240318301,0.0168600385295233,0.00011919417949321,0.0126903553299492,0.0110525773034689,0.0105714382539085,9.46841648019336e-05,0.00495565988523735,0.000840127072607343,0.0171191218122303,0.0121113969922823,0.0186289447313511,0.000120578818648383,0.0105038840570351,0.00943919673892501,0.0101211521505461,8.71656776134896e-05,0.00568660074850093,0.000842520242638077,0.000500415602768841,0.000728896990300968,0.00031510233786968,0.000438703092000167,0.000217796271626219
PY,PRY,Paraguay,2020-08-07,2020-08-07,402,0.0248756218905473,0.0152248157282026,0.02962432548505,0.00015642236787022,0.0149253731343284,0.011853107673573,0.0176604338219828,0.000121516757394029,0.00579950289975145,0.000893229197972284,0.0175024021913972,0.0122117692892548,0.0193858243686284,0.000122985789965765,0.0106412034431375,0.00947095032384373,0.010438102072466,8.8299944074747e-05,0.00589071604372671,0.000855820175648871,0.000475162350667448,0.000757905745833826,0.00026908481863266,0.000415290412647248,0.00021478782609081
PY,PRY,Paraguay,2020-08-08,2020-08-08,348,0.0201149425287356,0.0147504555982946,0.0258861916758372,0.000151191972932447,0.00862068965517241,0.00971291079222464,0.00740629872469734,8.16349578864774e-05,0.00641348088531187,0.00101297569582766,0.0178438612137346,0.012285047062275,0.0200753246425064,0.000125150858247413,0.0107349530732143,0.00947270737149127,0.0106947771346373,8.91392931056438e-05,0.00609196815503305,0.000867987082133839,0.00044242619084815,0.000761783318425214,0.00021989251129651,0.000379662408701841,0.000211115692483888
PY,PRY,Paraguay,2020-08-09,2020-08-09,464,0.0107758620689655,0.00939425760696684,0.00870491814982322,8.58817637791417e-05,0.00862068965517241,0.00841162749075858,0.00658906801074686,7.47986218159062e-05,0.00567078620519617,0.000817047966442322,0.0181515055996292,0.0123365316205785,0.0206771356353288,0.000127026905335845,0.010798611253817,0.00945311080391209,0.0108902807818986,8.97200818017541e-05,0.00629236040156791,0.000879303226423896,0.000405711871140843,0.00073933056658151,0.00017205906401539,0.000334312838904378,0.000207576302233461
PY,PRY,Paraguay,2020-08-10,2020-08-10,488,0.0266393442622951,0.0142868616440249,0.0413784630451448,0.000182591185495496,0.0204918032786885,0.0125699139986412,0.0352428293280531,0.000169049320999324,0.00622065727699531,0.000834759591567716,0.0184355723747138,0.0123727491931029,0.0211774274950632,0.000128587941406696,0.0108475139301762,0.0094220092545915,0.0110276829923537,9.00947503322836e-05,0.00649409319004848,0.000890096855123434,0.000368970879153752,0.000691881195649974,0.000129914171950222,0.000282323397421507,0.00020485624827655
PY,PRY,Paraguay,2020-08-11,2020-08-11,531,0.0131826741996234,0.0097010998108739,0.0330505526498899,0.000164772158216493,0.00564971751412429,0.00637505444337544,0.00388833897052507,5.73625769956565e-05,0.00647721948127119,0.000825451741379621,0.0187068439784397,0.0124007372928581,0.0215713443330669,0.000129833087260303,0.0108969882021599,0.00938936324260047,0.0111133579952543,9.03238851695894e-05,0.00669912216275889,0.000900694938215631,0.000335868359945085,0.000623175866581744,9.71028094349342e-05,0.000227212487385616,0.00020347692327413
PY,PRY,Paraguay,2020-08-12,2020-08-12,482,0.012448132780083,0.00989820935426972,0.00766423434144531,8.01065288106674e-05,0.00622406639004149,0.00702111227195038,0.00302337877176496,5.04304647250272e-05,0.00773444083303238,0.000941942537247654,0.0189747991234901,0.012427052866104,0.0218622492185447,0.000130784809322846,0.0109605961435656,0.00936421257812489,0.0111566526713785,9.04726418118999e-05,0.00690893381669371,0.000911406059046292,0.000309279551876642,0.000538884081198935,7.61186810884299e-05,0.000172583420138745,0.000203722178032129
PY,PRY,Paraguay,2020-08-13,2020-08-13,459,0.0174291938997821,0.0119718792310366,0.0218353513871419,0.000133816863234408,0.0108932461873638,0.00949602810497874,0.0161065048389432,0.000115265534809822,0.00541224877354012,0.000809001523964738,0.0192460017794412,0.0124572216541285,0.022059227068927,0.000131478106028064,0.0110482747079444,0.00935376313438419,0.01116720020234,9.05946039721118e-05,0.0071241345756242,0.000922469394684896,0.000290599931340675,0.000445567116716435,6.78452108011408e-05,0.000121516354978987,0.000205569755316249
PY,PRY,Paraguay,2020-08-14,2020-08-14,452,0.0221238938053097,0.0135597465943943,0.0294405513635751,0.000155070618328702,0.00442477876106195,0.00611873569094169,0.00256391375659897,4.63916396731649e-05,0.00734843845682792,0.000950329353613247,0.019522329350596,0.0124947222933217,0.0221757795949889,0.000131955848479033,0.011165334946037,0.00936264006453313,0.0111547651136322,9.07318544176331e-05,0.00734473265497693,0.000934072446644245,0.000279744689476892,0.000350075825413748,7.17303121371236e-05,7.66646631658099e-05,0.000208794083323979
PY,PRY,Paraguay,2020-08-15,2020-08-15,440,0.025,0.0145879432435908,0.0266268037357445,0.000146704500615668,0.0159090909090909,0.0116912795346471,0.0208970231038724,0.000130346875195081,0.0091154403053837,0.00106855624886337,0.019802682284296,0.0125418022323692,0.022227622697802,0.000132264253989771,0.01131238554699,0.00939300955601813,0.0111270135573845,9.09063581425728e-05,0.00756933660372821,0.00094629318349113,0.000275196114111128,0.000258414510412197,8.56290488621655e-05,3.945546258098e-05,0.000212829367026717
PY,PRY,Paraguay,2020-08-16,2020-08-16,443,0.0112866817155756,0.00983704275787274,0.0112452510501783,9.66501606843105e-05,0.00677200902934537,0.00763711740937077,0.00681034793294491,7.53831800901583e-05,0.00566044018246595,0.000848479189073024,0.0200831091642566,0.0125993293457541,0.0222314252989531,0.000132448965616182,0.0114859151058286,0.00944476806850482,0.0110898700637283,9.11233907632841e-05,0.00779610629288856,0.000959163864894852,0.000274589464923787,0.00017566630064832,0.000106400195942073,1.03645118957729e-05,0.00021700218380668
PY,PRY,Paraguay,2020-08-17,2020-08-17,500,0.022,0.0128571247163629,0.0141452011017619,0.000107900535814664,0.008,0.00780843354342324,0.00404646406194689,5.80056026873629e-05,0.00708545753045883,0.000882275810956496,0.0203584050710272,0.0126673607306146,0.0222022734434712,0.000132547690960692,0.0116789458952545,0.00951580745352542,0.0110456370197263,9.13664949396564e-05,0.00802260297199775,0.000972663104180342,0.000275260182097919,0.000105154851734037,0.000130326282182426,-1.12868292546789e-05,0.000220580134873145
PY,PRY,Paraguay,2020-08-18,2020-08-18,485,0.0185567010309278,0.0120104758469088,0.0273723807735763,0.000149552720934726,0.0144329896907217,0.0106144733608048,0.0121529953636644,0.000100427174336847,0.00922672695609667,0.00103580840247876,0.020624587445849,0.0127459292472738,0.0221556056773334,0.000132598474677706,0.0118834905125542,0.00960323159217186,0.0109957323531591,9.16137560852344e-05,0.00824616894777344,0.000986726940807504,0.000274964720393137,4.88927431314441e-05,0.000153815728164757,-2.68200530365659e-05,0.000222872521846622
PY,PRY,Paraguay,2020-08-19,2020-08-19,495,0.0323232323232323,0.0155800210696394,0.0205895215390918,0.000133601577859387,0.0222222222222222,0.0129855191196531,0.0113903301498196,9.9835884546801e-05,0.00993328391401038,0.00105840227955253,0.0208800379681751,0.0128354455803977,0.0221055201356634,0.000132635532100015,0.0120918748784194,0.00970388255587547,0.0109402885350268,9.18378122354997e-05,0.00846464780048031,0.0010013117126118,0.000272339364788978,7.71551112273168e-06,0.000173933361745832,-3.78186112188544e-05,0.000223418870809351
PY,PRY,Paraguay,2020-08-20,2020-08-20,514,0.0291828793774319,0.0145512169175506,0.0380643354919367,0.000174636399919197,0.0155642023346304,0.010700982761528,0.0199480166716695,0.000127607748906221,0.0098304110376545,0.00103672007235315,0.0211260308186692,0.0129368606301447,0.0220654907190449,0.000132691634106139,0.0122977631009455,0.00981493102141888,0.0108801833862764,9.20188955880076e-05,0.00867706467986787,0.00101642459528853,0.0002672835780122,-1.83814793240014e-05,0.000188738025818082,-4.57636212259571e-05,0.000222055337481825
PY,PRY,Paraguay,2020-08-21,2020-08-21,487,0.0123203285420945,0.009797218921325,0.0202456118316057,0.000129767093029003,0.00616016427104723,0.00694925034610754,0.0113271467030772,9.75050438095036e-05,0.00705714200637227,0.000895292410118356,0.0213684004325875,0.0130522211012198,0.0220498401260671,0.000132805005312752,0.0124982617842148,0.009934733185084,0.0108183237868826,9.21518150699413e-05,0.00888347414357557,0.00103210915257558,0.000260953024715264,-2.96304286224765e-05,0.000197646039537454,-5.14482950836487e-05,0.000219022923307894
PY,PRY,Paraguay,2020-08-22,2020-08-22,426,0.0234741784037559,0.014377400068655,0.0252471273819011,0.00014512571298713,0.0164319248826291,0.0120722917890803,0.0137045828713592,0.000107554240339575,0.0108210237031948,0.00118849839942039,0.0216147499805482,0.0131838151244217,0.0220704398067916,0.000133007658898969,0.0126925209916247,0.0100623617152591,0.0107593412347954,9.22441066453793e-05,0.00908534300807988,0.00104848197446716,0.000255273469381942,-2.68309153602554e-05,0.000201100980966008,-5.50881381554905e-05,0.00021487278586522
PY,PRY,Paraguay,2020-08-23,2020-08-23,504,0.0218253968253968,0.0127562225812167,0.0141418776232583,0.000107548881842928,0.0119047619047619,0.0094687485335817,0.008505216280128,8.36436643204841e-05,0.0103150020454678,0.00107047998179829,0.0218741909858142,0.0133343607132374,0.0221374869605504,0.000133329776114633,0.0128821625108373,0.0101980001899676,0.0107101851715648,9.23209916571509e-05,0.00928576727019529,0.001065753336533,0.00025263098579782,-1.07977471534663e-05,0.000200536102597126,-5.59086413602422e-05,0.000210527383032922
PY,PRY,Paraguay,2020-08-24,2020-08-24,459,0.0152505446623094,0.011211076089344,0.0146721805756193,0.000110715647270919,0.00871459694989107,0.00850285467954704,0.00810301981789139,8.25520825864666e-05,0.00953905249679898,0.00107786377452118,0.0221554458893396,0.0135064660242629,0.0222579814495367,0.000133793983568419,0.0130702233193434,0.0103425697688544,0.0106798442751822,9.24211743386453e-05,0.00948889795968521,0.00108420030563325,0.000255143073915105,1.70626287005546e-05,0.000197788801131536,-5.26480129961652e-05,0.000207121501985294
PY,PRY,Paraguay,2020-08-25,2020-08-25,492,0.0182926829268293,0.011841187470898,0.0223988990563714,0.000136116161131924,0.0101626016260163,0.00886237085643768,0.00718456530336288,7.76872991901387e-05,0.00907338769458858,0.00101199319439146,0.0224640199855189,0.0137019314203588,0.022431060741628,0.000134400924629838,0.0132599262534269,0.0104974151660096,0.0106758678023574,9.25827054645473e-05,0.00969899081295842,0.00110411903550917,0.000263997002890635,5.42567676607645e-05,0.000194675229167927,-4.40701221115705e-05,0.000205723835413018
PY,PRY,Paraguay,2020-08-26,2020-08-26,439,0.020501138952164,0.0132558259511347,0.0155428360952134,0.000114330154798079,0.0136674259681093,0.0108610267672465,0.00843326645695292,8.45193466658707e-05,0.00878604963112005,0.00105919226459551,0.0228024744337602,0.0139219389455321,0.0226511989711168,0.0001351393581613,0.0134541189481411,0.0106640589390338,0.0107055733039292,9.28446045735977e-05,0.00992014415254087,0.00112581969251362,0.000279407269181835,9.76180420119878e-05,0.0001927259745326,-2.91016803912007e-05,0.000207179912112167
PY,PRY,Paraguay,2020-08-27,2020-08-27,379,0.0263852242744063,0.0161362442534941,0.0153974001319971,0.000113816049468519,0.0158311345646438,0.0125666441453039,0.00792452158403957,8.19611803269629e-05,0.00996031437242238,0.00121402451391122,0.0231692815025593,0.0141666652678546,0.0229062568899933,0.000135977469692207,0.0136552586559971,0.0108442215166018,0.0107744989893356,9.32378817642774e-05,0.0101551683998675,0.00114955679478791,0.000300146844995294,0.00014273612732103,0.000192832811963728,-7.30413292450062e-06,0.000211949042715321
PY,PRY,Paraguay,2020-08-28,2020-08-28,442,0.0203619909502262,0.0131667894218486,0.0221968835902631,0.000135873077203436,0.0113122171945701,0.00985917119194433,0.00688804657572886,7.62796765183366e-05,0.00853196099674973,0.00104890472427801,0.0235582864842841,0.0144350209542421,0.0231766375146285,0.000136862579111789,0.0138640664739229,0.0110391512487853,0.0108822494086039,9.3771356665197e-05,0.0104051388180003,0.00117549564959971,0.000323922750622645,0.000184366284639482,0.00019525758038304,2.04846956347495e-05,0.000219965968320068
PY,PRY,Paraguay,2020-08-29,2020-08-29,409,0.0342298288508557,0.0176208029530087,0.0327094802476936,0.000164228209623297,0.0244498777506113,0.0149675106850244,0.0204014672283517,0.000130523056437977,0.0102432778489117,0.00119363696156971,0.023960801818277,0.0147250042312246,0.0234417772383138,0.00013773689949674,0.014080932260375,0.0112498804769176,0.0110264273765517,9.44398862821047e-05,0.0106692755467041,0.00120368642056537,0.000347768472077138,0.000217381712960565,0.000199794958256286,5.27070341644845e-05,0.00023058471275147
PY,PRY,Paraguay,2020-08-30,2020-08-30,423,0.0189125295508274,0.0129809531295368,0.0246399910786834,0.000142252341787464,0.00945626477541371,0.00922304966155322,0.00817135025308639,8.26079636601766e-05,0.00824204486176317,0.00104498904706871,0.0243667564776008,0.0150338851674749,0.023682006157565,0.000138543863615905,0.0143069012604484,0.0114776441181396,0.011202380553661,9.52278918008381e-05,0.0109445419428473,0.00123401529536973,0.000368551764710199,0.000237337451338047,0.000206112990184163,8.70893797464678e-05,0.000242607330527021
PY,PRY,Paraguay,2020-08-31,2020-08-31,461,0.0216919739696312,0.0132979585182063,0.0420282649699593,0.000183566759154513,0.0086767895878525,0.00846612738237885,0.00763125306502494,7.96125306551978e-05,0.0102112676056338,0.00111481719872065,0.0247661669526829,0.0153581291524457,0.0238809980213841,0.000139234052040516,0.0145427652620401,0.0117228490595783,0.0114023757965676,9.61030316874893e-05,0.0112259060316697,0.00126618662790671,0.000383691161193995,0.000241656213292689,0.000213806501435536,0.000121084665701702,0.000254485869785212
PY,PRY,Paraguay,2020-09-01,2020-09-01,427,0.0304449648711944,0.0162958915292482,0.0236922861310713,0.000140338528842343,0.0163934426229508,0.0120442550527678,0.00978991910263057,9.08517501618555e-05,0.0138410711180664,0.00135036045345466,0.0251483013440827,0.0156930008531725,0.0240270657457684,0.000139769907886139,0.0147883852698614,0.0119848197534623,0.0116174593248239,9.70243282054816e-05,0.0115076049848685,0.00129978030596422,0.000390971151720414,0.000229311129108599,0.00022237772028671,0.000151981003482439,0.000264576805387934
PY,PRY,Paraguay,2020-09-02,2020-09-02,466,0.0236051502145923,0.0137838728057169,0.0238853417050977,0.000140204349989524,0.0171673819742489,0.0117936150613417,0.0169967848970046,0.00011868783281127,0.0154647259951692,0.00135451089079725,0.025505161445573,0.0160334395818276,0.0241175488145281,0.000140137601301123,0.0150448227520531,0.0122624372075292,0.0118405890448626,9.7955656812294e-05,0.0117829633674387,0.00133422174134232,0.00038931332383562,0.000201881987422472,0.000231594016009332,0.000177681675921161,0.000271299161261864
PY,PRY,Paraguay,2020-09-03,2020-09-03,376,0.0319148936170213,0.0177667355649548,0.0207189894463597,0.000134381045345693,0.0212765957446809,0.0145859669933571,0.0153376753224572,0.000115937383431496,0.0142432057131522,0.00146282880337705,0.0258306071597836,0.0163738723296246,0.0241580499546716,0.000140345230450743,0.0153124426007469,0.0125533607848968,0.0120680129382282,9.8870182641259e-05,0.0120455934941989,0.00136885864257447,0.000378720112583256,0.00016356874000719,0.000241396021137324,0.000197627254937389,0.000273409112699772
PY,PRY,Paraguay,2020-09-04,2020-09-04,311,0.0289389067524116,0.0186308313132592,0.0180275269112718,0.000122721535231275,0.0128617363344051,0.0125229512771576,0.00897736598494144,8.70000092012313e-05,0.0097544727826418,0.00132875957327283,0.0261189415332435,0.0167079925476422,0.0241604797680994,0.000140418769136897,0.0155897558906075,0.0128537923361302,0.0122979091631338,9.97478267823251e-05,0.0122897088729511,0.00140299985833864,0.000359689952494412,0.000119783754964272,0.000251470605038761,0.000211913631097019,0.000270072221041161
PY,PRY,Paraguay,2020-09-05,2020-09-05,285,0.0210526315789474,0.0166670419239373,0.0225908638570367,0.000137179667409171,0.0105263157894737,0.01184857119703,0.0135079617676993,0.000106568004333688,0.0149160646536043,0.00171276594052462,0.0263656679730676,0.0170292997534685,0.0241403344479232,0.000140392992181696,0.015873262952355,0.0131585063803798,0.0125320243489286,0.000100580219617381,0.0125106244514774,0.00143596836000074,0.000333151915911136,7.63880483930409e-05,0.000261060281984435,0.000221607299211267,0.00026101375143834
PY,PRY,Paraguay,2020-09-06,2020-09-06,281,0.0249110320284698,0.0182227078519024,0.0306012851892473,0.000158055468883871,0.0106761565836299,0.0120163241837732,0.00817241596281208,8.26193544798126e-05,0.00982762245112466,0.00140162280472086,0.0265670821656411,0.0173315661433064,0.0241168880569495,0.000140314693788502,0.0161575758737252,0.0134613340606433,0.0127765609515026,0.000101376313471583,0.0127045387094435,0.00146713656219019,0.000300152535493041,3.93150059275604e-05,0.000269135101947511,0.000229030859155837,0.000246438779628968
PY,PRY,Paraguay,2020-09-07,2020-09-07,327,0.0244648318042813,0.0167442923120003,0.0248247666480283,0.00014422398756983,0.0152905198776758,0.0132996251346315,0.0223843670120054,0.000137122921579535,0.0124735340145448,0.00147579941239715,0.0267200097793257,0.0176090893998955,0.0241091912741885,0.00014023042279402,0.0164352721430645,0.0137554346118195,0.01303938306881,0.000102151184541248,0.0128691827371235,0.00149600008332174,0.000261951405873833,1.36875880700146e-05,0.00027448114553386,0.000236987290664353,0.000226929625375844
PY,PRY,Paraguay,2020-09-08,2020-09-08,307,0.0293159609120521,0.0188699137261917,0.0188226643649521,0.000124820956347236,0.0195439739413681,0.0154845789531447,0.0129653618380326,0.000103903869226907,0.0147597916264712,0.00164149161186184,0.0268215435740793,0.0178568572802675,0.0241336859221988,0.000140180455661201,0.016697684504482,0.0140336695590185,0.0133295705430331,0.000102926063001711,0.0130030710668468,0.00152215167633656,0.00021939702141772,2.68951794510768e-06,0.000275476958738142,0.000248163583028417,0.000203351283234686
PY,PRY,Paraguay,2020-09-09,2020-09-09,337,0.029673590504451,0.0181166175404761,0.026296010245746,0.00014773594050322,0.0207715133531157,0.0152268205537837,0.0114282229187537,9.81343864871583e-05,0.014301860545992,0.0015343154189884,0.0268695682666823,0.0180710955256241,0.024202020289127,0.00014019311720539,0.0169355566098699,0.014289246672945,0.0136535063052478,0.000103715072453746,0.0131059472167464,0.00154534508839159,0.000173160184483121,7.3283890758893e-06,0.000270519001520502,0.000264248894503258,0.000176725620424584
PY,PRY,Paraguay,2020-09-10,2020-09-10,295,0.0338983050847458,0.0206508293110634,0.0223273275525443,0.000137102793053371,0.0271186440677966,0.0185353592938622,0.010247474965976,9.34550845208078e-05,0.0117033134056135,0.00150035699015893,0.0268650869158955,0.0182500578042995,0.0243214179311956,0.00014028750106429,0.0171410194734645,0.0145165409783804,0.0140146462700159,0.000104525634873649,0.0131786951263054,0.00156547620060858,0.000124357563775347,2.68230271826981e-05,0.000258543930476162,0.000286122851147013,0.000148164375559048
PY,PRY,Paraguay,2020-09-11,2020-09-11,256,0.0234375,0.0185324899201415,0.0165004496492768,0.000118593247215741,0.01171875,0.0131828415152392,0.00626748243742284,7.34693676220753e-05,0.0171066887152877,0.00191913977391388,0.0268106223617361,0.0183933717774713,0.0244923973334756,0.000140466315218429,0.0173077121647596,0.0147111871634328,0.0144104348051483,0.000105350007986867,0.013223172783519,0.00158257400284595,7.41590647780887e-05,5.86771475920671e-05,0.000239074868734108,0.00031306840936996,0.000118758055340279
PY,PRY,Paraguay,2020-09-12,2020-09-12,269,0.0297397769516729,0.0202994802428522,0.0306986535553693,0.000158048859702829,0.0185873605947955,0.0161401154396116,0.0132887808250647,0.000104915558623992,0.0171604338675733,0.00186983855621452,0.0267120513014974,0.0185025710055775,0.0247079739437484,0.00014071507649001,0.0174324606836243,0.0148708499025333,0.0148314327995295,0.000106163553609233,0.0132423126747335,0.00159679529656807,2.41615226427132e-05,9.85143144664798e-05,0.000212480801649856,0.000342478641337802,8.96289942149972e-05
PY,PRY,Paraguay,2020-09-13,2020-09-13,276,0.0289855072463768,0.0197923270395855,0.0222843183399374,0.000135697871595168,0.0181159420289855,0.0157345423445174,0.0143477312330642,0.000109325267272476,0.0110249512053595,0.0014864294162734,0.0265773739140156,0.0185806097980681,0.0249548246601531,0.000141005715958338,0.017514229833713,0.0149948251509673,0.0152611133256528,0.000106925815613705,0.0132398196033305,0.00160839227826452,-2.37726442183459e-05,0.000140938897660758,0.000179826281774752,0.000370288376140467,6.17728110344886e-05
PY,PRY,Paraguay,2020-09-14,2020-09-14,288,0.0243055555555556,0.0177853140931878,0.017127528364151,0.000120549201368799,0.0173611111111111,0.0150847313241334,0.0138362775376593,0.000108530685888395,0.00920523138832998,0.00132754456256639,0.0264151337926799,0.0186312901381091,0.0252130082915709,0.000141296138298866,0.0175534954165016,0.0150838667663658,0.0156767935396979,0.000107584281612836,0.0132196866434976,0.00161767489125271,-6.77349635665742e-05,0.000179887061562018,0.000142635152003266,0.000391203832777475,3.6102596108462e-05
PY,PRY,Paraguay,2020-09-15,2020-09-15,275,0.0363636363636364,0.0221244247335253,0.0384334011248339,0.000178061295509333,0.0254545454545455,0.0186151040168082,0.0305230611259065,0.000159333912148172,0.0148878059229904,0.00173699768344843,0.0262341389698238,0.0186587865348311,0.0254581971749655,0.000141537082727902,0.0175518530683996,0.0151398437967691,0.0160512374764443,0.000108081111128313,0.0131861692449099,0.00162498593454416,-0.000105904882809765,0.000209362814306417,0.000102716076421611,0.000399621861866094,1.3370338027251e-05
PY,PRY,Paraguay,2020-09-16,2020-09-16,267,0.0149812734082397,0.0145709902933539,0.00930614924871654,9.10291124238929e-05,0.0112359550561798,0.0126428151960676,0.00609330023174538,7.37776241539241e-05,0.0134319430094078,0.00166380329390062,0.0260411669713211,0.018667052201801,0.0256635437846479,0.000141675736944577,0.0175112174553365,0.0151655693912247,0.0163588754504352,0.000108369561022699,0.0131429728189062,0.00163066105856619,-0.000137319990762412,0.000223687642242056,6.16996636453298e-05,0.00039070486340322,-5.95371789986205e-06
PY,PRY,Paraguay,2020-09-17,2020-09-17,250,0.02,0.0173542609045277,0.0217365841519238,0.000142646973803335,0.012,0.0134973087359147,0.00771102888257214,8.55685662377682e-05,0.0154929577464789,0.00185434218164918,0.0258388614123918,0.0186586332918083,0.0258026417139555,0.000141661209199337,0.0174317073799539,0.0151634782000803,0.0165747163452532,0.000108410010529898,0.0130926607769368,0.00163498959377495,-0.000161960158224063,0.000218374063413322,2.06658691990416e-05,0.000360713590017482,-2.17520010970428e-05
PY,PRY,Paraguay,2020-09-18,2020-09-18,254,0.0275590551181102,0.0201323750670989,0.0579806935352722,0.000219531089384281,0.0236220472440945,0.0186766500646246,0.0506044540532928,0.000205893385437667,0.0107502155791894,0.00153248927332655,0.0256277408937359,0.0186362461492939,0.0258563708920049,0.000141465439445527,0.0173135385615538,0.0151370453901534,0.0166835266403023,0.000108196316009248,0.0130363691431156,0.00163818417082529,-0.00018071840129359,0.00019139949137608,-1.98203536784161e-05,0.00030868230679548,-3.43239219363122e-05
PY,PRY,Paraguay,2020-09-19,2020-09-19,251,0.0239043824701195,0.0188971441601294,0.0228387817696052,0.000137439096728182,0.0159362549800797,0.0154923029543642,0.0149550149340614,0.000111663740427215,0.0116982889069957,0.001607745040893,0.0254049164850379,0.0186011400973377,0.0258132555119323,0.000141076909204244,0.0171565234548591,0.0150895034620953,0.0166800047780945,0.000107750231101742,0.0129742482505738,0.00164042017656793,-0.00019540957149629,0.000143071808629869,-5.96177298089953e-05,0.000236481908740288,-4.42618921261082e-05
PY,PRY,Paraguay,2020-09-20,2020-09-20,275,0.0145454545454545,0.0141502362678019,0.00943899090016015,9.03588116658251e-05,0.00363636363636364,0.00711417152052931,0.000425896938440841,1.92808807930105e-05,0.0111414757199916,0.00149138564840207,0.0251668589510935,0.01855451697497,0.0256741435014858,0.000140511078835402,0.0169615798793341,0.0150245790929542,0.0165719721889117,0.000107126361032501,0.0129049784233448,0.00164178981454122,-0.000208045806931074,7.68558683191592e-05,-9.86525895279184e-05,0.000149196441535636,-5.24513700254541e-05
PY,PRY,Paraguay,2020-09-21,2020-09-21,274,0.0291970802919708,0.0199346244607592,0.0414767508593814,0.000181694894865913,0.0255474452554745,0.0186821518388726,0.0358574958692382,0.000169433635097265,0.0163773337700622,0.0018379975478835,0.024910901610482,0.0184977854899955,0.0254519680854736,0.000139807936153705,0.0167315045058781,0.0149464699958115,0.0163774365300099,0.000106399203026988,0.0128269680675514,0.00164237841411286,-0.000220539559890287,-1.03818158198737e-06,-0.000136724760420237,5.43665089275935e-05,-5.98668628930841e-05
PY,PRY,Paraguay,2020-09-22,2020-09-22,259,0.0501930501930502,0.0265911839650878,0.0562849782671933,0.000216059741197951,0.0386100386100386,0.0234637875890185,0.0325725597746364,0.000166414939645114,0.00960045990227077,0.00144906246976349,0.0246396150028691,0.0184337741984497,0.0251736101649605,0.000139033122641638,0.016474591849957,0.0148610744020302,0.0161277084280688,0.000105670900918324,0.0127385914783842,0.00164225210258451,-0.00023359199474199,-8.16556032812362e-05,-0.000172770934229912,-3.8527837061075e-05,-6.73968900869962e-05
PY,PRY,Paraguay,2020-09-23,2020-09-23,288,0.0173611111111111,0.0150847313241334,0.00517971578819954,6.77129456326726e-05,0.0104166666666667,0.0117257982271012,0.00249230636000503,4.70332798771265e-05,0.0157932891466446,0.00175838479188749,0.0243618261301647,0.0183672127648499,0.0248775756801166,0.000138272629782457,0.0162037057404327,0.014775437334978,0.0158608293272854,0.000105047276532027,0.0126391982905181,0.00164151946359888,-0.000246172547037851,-0.000154177672306494,-0.000204666939920195,-0.000118981169661305,-7.55770810697851e-05
PY,PRY,Paraguay,2020-09-24,2020-09-24,264,0.0265151515151515,0.01938017892889,0.017778084378906,0.00012264305839507,0.0151515151515152,0.0147352962056472,0.00543688286002431,6.82475151172726e-05,0.0144820536119945,0.00176457621217045,0.0240923717389962,0.0183041805937153,0.0246097313866503,0.000137619255602163,0.0159353428410435,0.014697129534828,0.015617100685837,0.000104624562798091,0.0125296472543128,0.00164035464375095,-0.000255894859123285,-0.000207773250892431,-0.00022969928675172,-0.000177737659077547,-8.44536481338087e-05
PY,PRY,Paraguay,2020-09-25,2020-09-25,254,0.0275590551181102,0.0201323750670989,0.0156496746669046,0.000114849028186893,0.0118110236220472,0.013286023130284,0.00596572744963435,7.12577666464471e-05,0.0138536134841838,0.00174050882905955,0.0238521939497174,0.0182521964122928,0.0244181242005072,0.000137162383643984,0.015690221709631,0.0146345027174033,0.0154366151094814,0.000104484320889034,0.0124130041031447,0.00163903663010608,-0.000258787089220084,-0.000232521885237519,-0.000244383624204674,-0.000207231611435528,-9.35406912381812e-05
PY,PRY,Paraguay,2020-09-26,2020-09-26,229,0.0218340611353712,0.0189279630222622,0.0212010576780568,0.000137096047401571,0.0174672489082969,0.0169674321904734,0.0201445064379024,0.000133708419703789,0.0123812643301671,0.00175419086284471,0.0236640498291292,0.0182187789798963,0.024347083261536,0.000136974776994629,0.0154889081798581,0.0145948953422336,0.0153515747897122,0.000104672521346121,0.0122944021802172,0.00163793488097069,-0.000250468186994035,-0.000221176706658314,-0.000245445283245997,-0.000203399566533261,-0.000101762707187941
PY,PRY,Paraguay,2020-09-27,2020-09-27,275,0.0145454545454545,0.0141502362678019,0.016685062903576,0.000120945683004628,0.0109090909090909,0.0122770529705145,0.00892443537441385,8.88022332562504e-05,0.0123105042468552,0.00158458817125145,0.0235479530538556,0.0182097769727933,0.0244293565204233,0.000137096868280178,0.0153488811912059,0.0145835201255122,0.0153831448095626,0.000105193764348327,0.0121798025535066,0.00163744246106577,-0.000227158092771071,-0.00017043526084171,-0.00023043721911204,-0.000165715286741213,-0.000107860919007464
PY,PRY,Paraguay,2020-09-28,2020-09-28,278,0.0143884892086331,0.0139986506109683,0.022325658558914,0.000138263716098065,0.00359712230215827,0.00703753846646769,0.00412769193321733,6.00018227404292e-05,0.00870874099559187,0.00133520083907125,0.0235171864740771,0.0182286273307373,0.0246835338120835,0.000137534935804255,0.0152814215809101,0.0146027500037918,0.015539629881253,0.0001060119500831,0.0120761001679325,0.00163800329941213,-0.000187071421465333,-8.16793921461703e-05,-0.000198861711507816,-9.80130911359577e-05,-0.000110415218408616
PY,PRY,Paraguay,2020-09-29,2020-09-29,255,0.0235294117647059,0.018604290793359,0.0292659113706601,0.000160186686099811,0.0156862745098039,0.0152512231929298,0.0201739484729696,0.000133618070101253,0.0142033636417662,0.00178786207802345,0.0235732097687329,0.0182746863480385,0.0251087440776545,0.000138253765893095,0.015288959555268,0.0146511892216051,0.0158150199635935,0.000107052066894817,0.0119901983558827,0.00164006660148712,-0.000131436060238633,3.8528066256324e-05,-0.000152457697527446,-7.63489394865526e-06,-0.000108166655772557
PY,PRY,Paraguay,2020-09-30,2020-09-30,271,0.014760147601476,0.0143575316081468,0.0244447994356507,0.000138197677799092,0.011070110701107,0.012457249967,0.0217455188823376,0.000130524606498038,0.00807948465989737,0.00129640091936647,0.0237045502024013,0.0183435188689297,0.0256829895105032,0.000139176218896542,0.0153643282702902,0.0147240589475889,0.0161884307403879,0.000108203167170211,0.0119273131188965,0.00164400167010238,-6.46369227658167e-05,0.000178876353975496,-9.51690951255573e-05,9.52216757584825e-05,-0.000100389022569376
PY,PRY,Paraguay,2020-10-01,2020-10-01,210,0.00952380952380953,0.0131360808939101,0.00724619129963702,7.91415381103665e-05,0.00952380952380953,0.0131360808939101,0.00724619129963702,7.91415381103665e-05,0.00936654409213904,0.00157259570110178,0.0238866654215119,0.018427169418366,0.0263639518373129,0.000140190878626143,0.0154921129290527,0.014814264191633,0.0166300932825506,0.000109344725972635,0.0118906315571131,0.0016500769502749,5.74524529909845e-06,0.000324304606134282,-3.30181300963892e-05,0.000198913028844866,-8.70620910052687e-05
PY,PRY,Paraguay,2020-10-02,2020-10-02,208,0.0240384615384615,0.0208154646451114,0.0187359070123916,0.000126366634119223,0.0192307692307692,0.0186637181763253,0.0149868353768703,0.000113234323274539,0.0123239436619718,0.00185204023445251,0.0240860478227889,0.0185162172301509,0.0270932088697496,0.000141165670551032,0.0156503786128425,0.0149135478062172,0.0171000876247916,0.000110346756456145,0.0118806681920274,0.00165843696185979,7.03329989432793e-05,0.000457687601368946,2.69117388307447e-05,0.000291418805846563,-6.89556646982983e-05
PY,PRY,Paraguay,2020-10-03,2020-10-03,225,0.0311111111111111,0.0226856684533338,0.0205107656884022,0.000133420813096501,0.0133333333333333,0.0149868868504022,0.0112103727745401,9.91048231603903e-05,0.0110948711134733,0.00167336018577789,0.0242651286432539,0.0186012556318189,0.0278044280355812,0.000141967795586368,0.0158148660384353,0.0150142772893456,0.0175577773716089,0.000111099736192489,0.0118956951479509,0.00166912380781103,0.000119529264899717,0.000562511919192979,7.76641412049059e-05,0.000362438760341056,-4.73512342592967e-05
PY,PRY,Paraguay,2020-10-04,2020-10-04,262,0.0343511450381679,0.0220535073825429,0.0325815930324889,0.000162651272421,0.0190839694656489,0.0165671466995738,0.0216173859172612,0.000133235539783051,0.0121842164095685,0.00160751646135985,0.0243906273336897,0.0186771464483151,0.0284322966444474,0.000142491605748681,0.0159641136607046,0.0151123080065747,0.0179658296862612,0.000111532144156675,0.011931504887247,0.00168206194926665,0.000145573476602102,0.000624793805393982,0.000113782013299073,0.000404366634168022,-2.40992134475874e-05
PY,PRY,Paraguay,2020-10-05,2020-10-05,289,0.0380622837370242,0.0220607395534152,0.0348769840448556,0.000170426135133195,0.027681660899654,0.0189147009954472,0.0246221988526232,0.000143954501002927,0.0124733641702614,0.00156819650443454,0.0244373574034825,0.0187420316849085,0.0289197710006171,0.000142663487709937,0.0160815108891989,0.0152070785820914,0.0182945111643526,0.000111617863783931,0.0119832480226463,0.00169711694793245,0.00014402460579161,0.000635171153827091,0.00013209188898848,0.000413248533459862,-1.15838887273893e-06
PY,PRY,Paraguay,2020-10-06,2020-10-06,221,0.0407239819004525,0.0260584671659614,0.0598768314718341,0.000222547181495144,0.0316742081447964,0.0230895562887351,0.0404406764272623,0.000184775946560079,0.011214204659235,0.00168621534538556,0.0243946712855842,0.0188000673240099,0.0292287449200048,0.000142468074077485,0.0161588039564047,0.0153018906032262,0.0185258599202298,0.000111382104364932,0.0120453732612896,0.00171409808180764,0.000115020180530489,0.000590959234916928,0.000132412614352425,0.00038957152997364,1.96766903988486e-05
PY,PRY,Paraguay,2020-10-07,2020-10-07,272,0.0330882352941177,0.0212566031194251,0.0657897346290985,0.000234645092597683,0.0147058823529412,0.0143051404999708,0.0132188469028663,0.000108097910762125,0.0117279552803201,0.00156207456519823,0.0242681531509473,0.0188607807278605,0.0293450352227869,0.000141948962921445,0.0161966177429562,0.015403786724033,0.0186554875820664,0.000110899085074145,0.0121132547033929,0.00173284690210024,6.35812882392173e-05,0.000496847230912333,0.000117417468983913,0.000337565716585981,3.71038577132961e-05
PY,PRY,Paraguay,2020-10-08,2020-10-08,243,0.0288065843621399,0.021030214488926,0.0572032745836754,0.00021348095695457,0.0205761316872428,0.0178489289721103,0.0531849873440788,0.000206284577896918,0.0160879067508499,0.00192133389169716,0.0240745931879875,0.0189354414736695,0.029275258827756,0.00014118939977142,0.0162009863168525,0.0155202597649959,0.0186903823036348,0.000110272024834041,0.0121830826861335,0.00175317045503893,-1.90910580023217e-06,0.000363674993001062,9.17679506683289e-05,0.000265049113140542,5.04024156843423e-05
PY,PRY,Paraguay,2020-10-09,2020-10-09,213,0,0,0,0,0,0,0,0,0.0158628538910229,0.00206540296344362,0.0238428375021742,0.0190372698047739,0.0290518234811394,0.000140316848524271,0.0161829968529413,0.0156585976911385,0.0186489751013991,0.000109623008225256,0.0122527875707947,0.0017749334421265,-7.03818568466135e-05,0.000207899240926372,6.13551357510015e-05,0.000181866288298358,5.95154038073124e-05
PY,PRY,Paraguay,2020-10-10,2020-10-10,189,0.0105820105820106,0.0145878465349369,0.00177044454600493,3.93214067798733e-05,0.00529100529100529,0.0103427090891254,0.000556995653975597,2.20687426455625e-05,0.00837245696400626,0.00157973200362896,0.023602884336113,0.0191761137833654,0.0287198086785421,0.00013946022447287,0.016153482595275,0.0158227170995307,0.0185540979938368,0.000109061544014415,0.0123212640344445,0.0017979969637877,-0.000131290499596121,4.79186723491241e-05,3.15614890950682e-05,9.80447179292736e-05,6.49598578662446e-05
PY,PRY,Paraguay,2020-10-11,2020-10-11,200,0.02,0.0194026535408955,0.0115828520915199,9.82704718940627e-05,0.015,0.0168460016139967,0.00525719755425911,6.64167624845307e-05,0.0134976525821596,0.00193707522512935,0.0233828690066726,0.0193573404103571,0.0283324323748516,0.000138737412442456,0.0161194808059898,0.0160109762019338,0.0184290510253238,0.000108665521151755,0.0123879171843302,0.0018221847246872,-0.000175748066134985,-9.78897709609152e-05,6.32831946514578e-06,2.24233101618638e-05,6.74448602806423e-05
PY,PRY,Paraguay,2020-10-12,2020-10-12,216,0.0277777777777778,0.0219155682939294,0.0447894755893394,0.000192164794751139,0.0231481481481482,0.0200536621560792,0.0411060637490434,0.000184448241898953,0.00804828973843059,0.00143418883043653,0.0232004721243665,0.0195791412248002,0.0279383547473953,0.000138221971624547,0.0160829452640655,0.016216296876979,0.0182935020945161,0.000108466614451398,0.0124516140309423,0.00184725745679128,-0.000199033193536278,-0.000215065028768247,-1.26431153898692e-05,-3.87263042856128e-05,6.77067949421198e-05
PY,PRY,Paraguay,2020-10-13,2020-10-13,186,0.021505376344086,0.0208470383032563,0.0303279553654955,0.000162195554141189,0.010752688172043,0.0148218558094183,0.00488613196760165,6.5951386117509e-05,0.0136097483779079,0.00202003246468882,0.0230621886183887,0.0198327271268144,0.0275754866973455,0.000137935489703143,0.0160384549767599,0.0164251818715021,0.0181574225526813,0.000108435903249565,0.0125106775458827,0.00187292102072797,-0.000200994088759766,-0.000294924754240221,-2.63604610327116e-05,-8.30108382308531e-05,6.62371404149742e-05
PY,PRY,Paraguay,2020-10-14,2020-10-14,192,0.0104166666666667,0.0143611112416148,0.00715718766346405,7.99668647690083e-05,0.0104166666666667,0.0143611112416148,0.00715718766346405,7.99668647690083e-05,0.0116350275566442,0.00183887575198121,0.0229619766130078,0.0201033454260129,0.0272646505591736,0.000137838834264802,0.0159755984973853,0.0166210607020369,0.0180215413377325,0.000108494774813042,0.0125617452486739,0.00189873841822226,-0.000185436095829963,-0.000335101378097073,-3.75646365778637e-05,-0.000111473494317043,6.31104270900747e-05
PY,PRY,Paraguay,2020-10-15,2020-10-15,209,0.0334928229665072,0.0243923344755482,0.0263943465718384,0.00014740599684902,0.0334928229665072,0.0243923344755482,0.0263943465718384,0.00014740599684902,0.0128232079041413,0.00184593624874977,0.0228820424954324,0.020371375087812,0.0270083606007671,0.00013784205651523,0.0158807518566661,0.0167851461310706,0.0178772136860153,0.000108524286795789,0.0126002708785066,0.0019241887972776,-0.000160132501123631,-0.000340577146728719,-5.03741660458652e-05,-0.000128626902563963,5.79138846186512e-05
PY,PRY,Paraguay,2020-10-16,2020-10-16,188,0.0265957446808511,0.0229996837357238,0.018587658674383,0.000125367088155963,0.0159574468085106,0.0179125662100079,0.00782990021239655,8.18119262100912e-05,0.00976312419974392,0.00172395742957373,0.0228003804412926,0.0206171993233436,0.0267942418080647,0.00013782542289065,0.015741563637019,0.0169008405048192,0.0177093283457165,0.000108388918399689,0.0126201819025285,0.00194863924811612,-0.000133750649136735,-0.00032092781174623,-6.86531597093315e-05,-0.000140794941353377,4.98196446806768e-05
PY,PRY,Paraguay,2020-10-17,2020-10-17,177,0.0225988700564972,0.0218948129193177,0.0384569511342023,0.000178245713154411,0.0169491525423729,0.0190161871534218,0.0376837170361603,0.000176515597238656,0.0129881082904613,0.00203795609813697,0.0226918044006332,0.0208223697517122,0.0265951720987927,0.000137648081927534,0.0155476349642144,0.0169550737854295,0.0174976556143645,0.000107950845531669,0.012615386608194,0.00197142509851277,-0.000115177434339894,-0.000289543379343149,-9.53076402959024e-05,-0.00015523256849322,3.79115706439761e-05
PY,PRY,Paraguay,2020-10-18,2020-10-18,155,0.032258064516129,0.0278151352140537,0.0539976176156354,0.000215595026678887,0.0193548387096774,0.0216886722083548,0.0330867399157648,0.000170618480792865,0.0243447439604515,0.00291730101382335,0.0225365994571777,0.0209739325133587,0.0263809764712955,0.000137188697879397,0.0152960484015549,0.0169420549757496,0.0172243268276505,0.000107106251112071,0.012579762208765,0.00199183815376089,-0.00011064544453147,-0.000259563046016636,-0.000131149477085112,-0.000178195877810936,2.13580296371133e-05
PY,PRY,Paraguay,2020-10-19,2020-10-19,180,0.0166666666666667,0.0187019371818355,0.0119553373232359,9.94549352975238e-05,0.0111111111111111,0.0153131427955959,0.0067055612874653,7.46816154796391e-05,0.0128269617706237,0.00201940217025974,0.0223243424008001,0.0210667419351429,0.0261218618555195,0.000136356309822303,0.0149923138623673,0.0168647535611869,0.0168764191874939,0.000105798347653331,0.0125082673197992,0.00200921290553118,-0.000122974369598094,-0.000242270806971005,-0.000174356852398761,-0.000213500560864564,-4.01704347263085e-07
PY,PRY,Paraguay,2020-10-20,2020-10-20,182,0.021978021978022,0.0213000687819962,0.00914129005171553,8.79894820247906e-05,0.0164835164835165,0.018498143828581,0.00824099747366284,8.35822613608957e-05,0.00892564690468392,0.00166812143579809,0.0220565091200932,0.021104372504369,0.0257982300949104,0.000135119792220042,0.0146507581023406,0.0167350346232352,0.0164511149437882,0.000104037433548564,0.0123977505884048,0.0020229871321677,-0.000150911248819095,-0.000244403410710535,-0.000220806732507446,-0.000261737732324061,-2.73324433781814e-05
PY,PRY,Paraguay,2020-10-21,2020-10-21,184,0.0271739130434783,0.023492696827331,0.0282316896211734,0.000155011936877118,0.016304347826087,0.0182987435747807,0.0183512150754511,0.000125610464164591,0.0096106048053024,0.00174049510512847,0.0217485536358198,0.0210998634934126,0.0254011132540153,0.000133503083736073,0.0142934956606618,0.016572907705659,0.0159539271702237,0.000101889547535561,0.0122472226324517,0.0020327274008359,-0.000188914809935445,-0.000267874557791962,-0.000264542699334053,-0.000320547752631939,-5.88413743424877e-05
PY,PRY,Paraguay,2020-10-22,2020-10-22,152,0.0328947368421053,0.0283547863087942,0.0456066984277736,0.000199980996628475,0.0131578947368421,0.0181152084782698,0.00844984259886433,8.7738938063992e-05,0.0133074307916464,0.00221346649457676,0.0214244626448185,0.0210722145771571,0.0249361365673876,0.000131590968113923,0.0139457976761006,0.0164029351435546,0.0154015436441478,9.94783352968544e-05,0.0120575798766525,0.0020381471740519,-0.000229319632745681,-0.000309684206779516,-0.000299294326819737,-0.000384630783594785,-9.3767004312673e-05
PY,PRY,Paraguay,2020-10-23,2020-10-23,141,0.0283687943262411,0.0274037313485917,0.0498535712353497,0.000209024058542964,0.0212765957446809,0.0238187843592015,0.0483320497710876,0.000205974376818857,0.0147989385588896,0.00239087622037302,0.0211169039801898,0.0210454987162323,0.0244221640653561,0.000129517357125729,0.0136349745876897,0.0162519795178026,0.0148195546814042,9.69677802865221e-05,0.0118326415778184,0.00203923103344233,-0.000262483403407239,-0.000362168005572769,-0.000318776729420783,-0.000446350155493375,-0.000130457505062597
PY,PRY,Paraguay,2020-10-24,2020-10-24,145,0.0206896551724138,0.0231686584467335,0.0273672574454301,0.000153663140028367,0.0137931034482759,0.0189836231612155,0.0164870567979655,0.000119933699118474,0.0100455675227838,0.00198904360147967,0.0208599137792532,0.0210448162600804,0.0238891219087626,0.000127451581600272,0.0133862213221259,0.0161466236310276,0.0142411429066557,9.4549642581503e-05,0.0115777458909475,0.00203617366888495,-0.000279447612987417,-0.000415309093755482,-0.000318304513238152,-0.000497197320165792,-0.000167002719636247
PY,PRY,Paraguay,2020-10-25,2020-10-25,154,0,0,0,0,0,0,0,0,0.0144677589345597,0.00229084813279842,0.0206809550854902,0.0210903559097477,0.0233687198572099,0.000125557573040126,0.0132159386753318,0.0161056493088992,0.013698266277791,9.2394509005723e-05,0.011300117136698,0.00202943857266785,-0.000273897885884984,-0.000458856999718277,-0.000296062531172588,-0.000529692151617147,-0.000201358363850202
PY,PRY,Paraguay,2020-10-26,2020-10-25,100,0.01,0.0195013954179879,0.0121788894535624,9.9462623363763e-05,0,0,0,0,0.0106352400114976,0.00241022587823913,0.0205996784616704,0.0211978540908668,0.0228944062366565,0.000123995116659648,0.0131335701086402,0.0161420520105009,0.0132233787475057,9.065876059545e-05,0.0110083929917644,0.002019760723246,-0.000242805109737138,-0.000483970643042308,-0.000252864665616748,-0.000537956032713748,-0.00023155959944007
PY,PRY,Paraguay,2020-10-27,2020-10-27,162,0.00617283950617284,0.0120611441281663,0.00308120326817311,5.07157148337404e-05,0.00617283950617284,0.0120611441281663,0.00308120326817311,5.07157148337404e-05,0.0142650776453593,0.00220837976373153,0.0206208072853862,0.0213724001101204,0.0224921841703735,0.000122878531140175,0.0131365296151237,0.016257321241511,0.0128416429028163,8.94455053855435e-05,0.0107118921580949,0.00200805390234943,-0.000187957725072263,-0.000484821513940303,-0.000192827674256348,-0.000518714044567903,-0.000255888412392799
PY,PRY,Paraguay,2020-10-28,2020-10-28,165,0.00606060606060606,0.0118425192330235,0.00402123516010603,5.87645686179312e-05,0.00606060606060606,0.0118425192330235,0.00402123516010603,5.87645686179312e-05,0.00554577464788732,0.0013656280640095,0.0207341166874023,0.0216096296887644,0.022178260459125,0.00012227022360652,0.01321257050014,0.0164438984421076,0.0125697252858888,8.88037086064026e-05,0.010420195015932,0.00199539513265752,-0.000115057659569368,-0.000459646018043768,-0.000122204529326757,-0.000471969726376498,-0.000272897476786752
PY,PRY,Paraguay,2020-10-29,2020-10-29,131,0.0458015267175573,0.0357990728592333,0.0637803238429362,0.00023254371930192,0.0305343511450382,0.0294627312092411,0.0224170240151499,0.000140876374263206,0.0109182225133748,0.00212821809939597,0.0209169192138653,0.0218964928195719,0.021956912991641,0.000122174976984586,0.0133419678884416,0.0166862923111063,0.0124137505350662,8.8724564986308e-05,0.0101427166960865,0.00198292212714052,-3.33307943874116e-05,-0.000410875178952515,-4.88344498746814e-05,-0.000400967357723,-0.000281654146955315
PY,PRY,Paraguay,2020-10-30,2020-10-30,146,0.0136986301369863,0.0188545013600274,0.00794920146458836,8.82940967889144e-05,0.0136986301369863,0.0188545013600274,0.00794920146458836,8.82940967889144e-05,0.00791610979747096,0.00176111913761025,0.0211367283262251,0.0222133152851304,0.0218215271303027,0.000122542953556356,0.0135012658822686,0.0169644442168133,0.0123710744057777,8.91540049693126e-05,0.00988783858574825,0.00197173184938268,4.61357578286579e-05,-0.000344599129743322,1.91740933571042e-05,-0.000311678083479666,-0.00028165121753321
PY,PRY,Paraguay,2020-10-31,2020-10-31,123,0.024390243902439,0.027260993187646,0.0100854660358324,0.000101133944197458,0.00813008130081301,0.0158697592791709,0.00338208409679642,5.87633647493715e-05,0.00657276995305164,0.00171581531417686,0.0213575732667139,0.0225369544634084,0.0217560914478171,0.000123279983996495,0.0136657968998876,0.0172560326288487,0.012428406219316,8.99945070034982e-05,0.00966263384557516,0.00196276919595233,0.00011276969687062,-0.000268771401565455,7.49763707592992e-05,-0.000211643343079175,-0.0002729138818538
PY,PRY,Paraguay,2020-11-01,2020-11-01,124,0.0241935483870968,0.0270438722530324,0.0137303258379891,0.000108652112810623,0.0241935483870968,0.0270438722530324,0.0137303258379891,0.000108652112810623,0.010623060396276,0.00219524820201298,0.0215465784854347,0.0228449523092793,0.0217398477517759,0.000124267470107183,0.0138157864819993,0.0175411087821213,0.012570305057736,9.1140084380836e-05,0.00947255732304796,0.00195676731852765,0.000157816670627391,-0.00019242641414677,0.000113702728893193,-0.000108845614961609,-0.000255972611452741
PY,PRY,Paraguay,2020-11-02,2020-11-02,173,0.0520231213872832,0.0330919313780734,0.0597731073989234,0.000220927359860613,0.023121387283237,0.0223950627830511,0.0309354579580849,0.00016135591023214,0.0103957075788062,0.00182021248265955,0.0216777054497611,0.0231171439464443,0.0217481999435238,0.00012536766642596,0.0139373235495155,0.0178029715439675,0.0127747780164022,9.24671131498174e-05,0.00932098641359445,0.00195416718168517,0.000176149694062479,-0.000123997371141623,0.000133465655731952,-1.11441477356723e-05,-0.000231817624083411
PY,PRY,Paraguay,2020-11-03,2020-11-03,148,0.0202702702702703,0.0227038833312902,0.0103381950034103,9.34004845558045e-05,0.0202702702702703,0.0227038833312902,0.0103381950034103,9.34004845558045e-05,0.00603621730382294,0.00152272897567703,0.0217354369513426,0.0233388818015481,0.0217582954228082,0.000126449890114438,0.0140243977519007,0.0180305164195542,0.013021108914041,9.38655025262766e-05,0.00920867847403807,0.00195504691579219,0.00016688671065671,-6.99941727194669e-05,0.000135304541960123,7.52306046920203e-05,-0.000201919423648984
PY,PRY,Paraguay,2020-11-04,2020-11-04,126,0.00793650793650794,0.015493419494625,0.0162730141064867,0.000119012063597324,0,0,0,0,0.00959203496843128,0.00210500126373504,0.0217158798081377,0.0235007033190813,0.0217504970659751,0.000127397705111856,0.0140788889879776,0.0182175656583434,0.0132896346581159,9.52395129628753e-05,0.00913482870907188,0.00195917586829088,0.000133160099045389,-3.44026542776389e-05,0.000122820183255998,0.00014598068717495,-0.00016798133116911
PY,PRY,Paraguay,2020-11-05,2020-11-05,127,0.031496062992126,0.0303756136941526,0.0322062706936407,0.000163874410192489,0.015748031496063,0.0216527226936702,0.0257449783418132,0.000147005001945746,0.00973319592350853,0.00205906569974268,0.0216254521844643,0.0235980643741912,0.0217098546497247,0.000128115935690909,0.0141086581858201,0.0183618358111872,0.013563756120622,9.65118320975084e-05,0.00909615361621294,0.00196594453387144,8.14539763731882e-05,-1.86120800963376e-05,0.000101232050591923,0.000198780285807373,-0.000131947494922552
PY,PRY,Paraguay,2020-11-06,2020-11-06,118,0.00847457627118644,0.0165393337479136,0.00867261288501042,9.05135452589927e-05,0.00847457627118644,0.0165393337479136,0.00867261288501042,9.05135452589927e-05,0.00734843845682792,0.00185253295390071,0.0214764166112775,0.023629600636664,0.021623092107403,0.000128526138512037,0.0141231906322652,0.0184627625566894,0.0138258412429845,9.76109221857518e-05,0.00908780903171698,0.00197445548676116,1.98072240939345e-05,-2.21665567356818e-05,7.62322887295974e-05,0.00023290583727809,-9.58041356430298e-05
PY,PRY,Paraguay,2020-11-07,2020-11-07,108,0.0185185185185185,0.0254261373247429,0.0200162746654467,0.000134387661045681,0.0185185185185185,0.0254261373247429,0.0200162746654467,0.000134387661045681,0.00670039655408177,0.00186978076889821,0.021284504589306,0.0235956063364866,0.0214795748614511,0.000128570407652072,0.0141326861419083,0.0185206121964836,0.0140600451537618,9.84806634827742e-05,0.00910354519281242,0.00198352401047376,-4.36789826881139e-05,-4.33788150541291e-05,5.28166099848336e-05,0.000248290016004287,-6.15020217059233e-05
PY,PRY,Paraguay,2020-11-08,2020-11-08,112,0.0267857142857143,0.0299016348251109,0.0220172924277886,0.000141471869698599,0.0178571428571429,0.0245263204027614,0.0102564422176235,9.71364574213793e-05,0.00996545309593409,0.00224408696672833,0.021066163054829,0.0234971015124413,0.0212726811247153,0.000128217499628316,0.0141455015761277,0.01853529937354,0.0142514502669978,9.90767156323378e-05,0.00913647819864958,0.00199177390605347,-0.000101923732488676,-7.92531364680755e-05,3.46963377687156e-05,0.000246112041765926,-3.07513691574785e-05
PY,PRY,Paraguay,2020-11-09,2020-11-09,148,0.0202702702702703,0.0227038833312902,0.0306053208669756,0.000158404804855967,0.00675675675675676,0.0131981842005323,0.00538256235917442,6.72886997016433e-05,0.00994779868019305,0.00193038279691731,0.0208359272154857,0.0233354593617862,0.0209983770100673,0.000127463725811401,0.0141650872202399,0.018505724660076,0.0143841466801859,9.93648234938482e-05,0.00917909025168755,0.00199768240906593,-0.000149918289309484,-0.000126653068790157,2.34482447231919e-05,0.000227172961024152,-4.93137039175283e-06
PY,PRY,Paraguay,2020-11-10,2020-11-10,137,0.0145985401459854,0.0200839495772856,0.00460702982634689,6.60803129602872e-05,0.0072992700729927,0.0142539980310556,0.0021389019742945,4.50811287178953e-05,0.00688098053972691,0.00167999923227099,0.020604677485581,0.0231112611403873,0.0206571688033095,0.000126332627826281,0.0141907484628875,0.0184297501047535,0.0144451384501173,9.93295831665004e-05,0.00922445007149199,0.00199972208733925,-0.000185200387092785,-0.000182221377110934,1.86432458183127e-05,0.000192583965333555,1.49368937366846e-05
PY,PRY,Paraguay,2020-11-11,2020-11-11,136,0.00735294117647059,0.0143584186750738,0.0348039685534667,0.000173153719108428,0.00735294117647059,0.0143584186750738,0.0348039685534667,0.000173153719108428,0.0105092091007584,0.00208035827852993,0.0203811157033918,0.0228259500661697,0.0202559655177117,0.000124883000694882,0.0142174132182762,0.0183049254765585,0.0144234720851068,9.89737734845753e-05,0.00926722104394135,0.00199651127557523,-0.000207389413512087,-0.000242314855335492,1.81258387426756e-05,0.000143285994080801,2.85112379547359e-05
PY,PRY,Paraguay,2020-11-12,2020-11-12,117,0.0512820512820513,0.0399674474842471,0.0341800136256211,0.000185361472679392,0.0341880341880342,0.0329259652734508,0.0258283787886261,0.00016182721933642,0.0142102615694165,0.00260137575277443,0.0201709851083657,0.0224816747563248,0.0198059629136071,0.000123199417196648,0.014237972157573,0.0181294384580785,0.0143129756616825,9.83240373054282e-05,0.00930310084531676,0.00198686791761864,-0.000217571917151976,-0.000302854865632652,1.91302542179647e-05,8.11890697829965e-05,3.58819689332965e-05
PY,PRY,Paraguay,2020-11-13,2020-11-12,100,0.02,0.0274394957835608,0.0238374766792099,0.000149493272590796,0.02,0.0274394957835608,0.0238374766792099,0.000149493272590796,0.00845070422535211,0.00218454361561295,0.0199799114920874,0.0220830364219002,0.019326048024075,0.000121396293426683,0.0142451834868066,0.0179031963543603,0.0141148806011465,9.74347027777237e-05,0.00932951773358877,0.00196997711615293,-0.000217432182869767,-0.000358921139562678,1.87495574830431e-05,9.13924123079635e-06,3.76620901293929e-05
PY,PRY,Paraguay,2020-11-14,2020-11-14,114,0.0087719298245614,0.0171170940046306,0.00575729702208816,7.24048504546637e-05,0,0,0,0,0.0100788215531722,0.00222541419315047,0.0198123350622459,0.0216366079997678,0.0188397834624785,0.000119603189877157,0.0142323734307495,0.0176277626739498,0.0138378572504176,9.63819673805896e-05,0.00934620555538293,0.00194550641600203,-0.000208971332097181,-0.000405482943706128,1.44786424369567e-05,-6.89321694300231e-05,3.49545594555585e-05
PY,PRY,Paraguay,2020-11-15,2020-11-14,100,0.03,0.0334344809563718,0.0376816188502272,0.000191876771174998,0.03,0.0334344809563718,0.0376816188502272,0.000191876771174998,0.00943807172934514,0.00228357617037736,0.0196725024055519,0.0211513834317983,0.0183735792608895,0.000117950064077201,0.0141961888129194,0.0173071882395635,0.0134975766777019,9.5254344313708e-05,0.00935480984112912,0.00191367078247188,-0.000193904134988952,-0.000437466291529637,5.18359877991429e-06,-0.000147761667080664,2.92865982402619e-05
PY,PRY,Paraguay,2020-11-16,2020-11-16,120,0,0,0,0,0,0,0,0,0.00813501699854298,0.00193997187387191,0.0195625231651594,0.020637462133066,0.0179511335541505,0.000116544094452089,0.0141360370537955,0.0169474542306447,0.0131158860032543,9.41436051658065e-05,0.00935793991766348,0.00187518401835018,-0.000173692386736924,-0.000451005874859835,-9.11856818199836e-06,-0.000221542074477154,2.22483076952497e-05
PY,PRY,Paraguay,2020-11-17,2020-11-17,111,0.018018018018018,0.0247452513571082,0.00770365349962778,8.1898907323111e-05,0.018018018018018,0.0247452513571082,0.00770365349962778,8.1898907323111e-05,0.00834130999589772,0.00208448390480375,0.0194834084447213,0.0201058246926163,0.0175903550207077,0.000115455278218241,0.0140551775012717,0.0165563360022881,0.0127158251960918,9.31258128388139e-05,0.00935910792902716,0.00183122279508818,-0.000149617876445072,-0.00044426841616734,-2.70392861674148e-05,-0.000284607814835831,1.53144808476352e-05
PY,PRY,Paraguay,2020-11-18,2020-11-18,199,0.0201005025125628,0.0194991543814614,0.00967722843948563,8.99937013263312e-05,0.0201005025125628,0.0194991543814614,0.00967722843948563,8.99937013263312e-05,0.00951257281911363,0.0016337128077654,0.0194334539077522,0.0195662328766273,0.0173007695254544,0.000114702129684487,0.013959066616478,0.0161420507221749,0.0123199829407787,9.22513064509572e-05,0.00936210799118854,0.00178332490833763,-0.000122921866768909,-0.000417532231358779,-4.64842568491655e-05,-0.000332165453483977,9.83452431196445e-06
PY,PRY,Paraguay,2020-11-19,2020-11-19,211,0.014218009478673,0.015974111184163,0.00654484721455005,7.37475429780436e-05,0.014218009478673,0.015974111184163,0.00654484721455005,7.37475429780436e-05,0.00792695873734871,0.00146223609890926,0.0194082173586514,0.0190282281954818,0.0170813853405158,0.000114253750062739,0.013854968237844,0.0157134610207071,0.0119473896306804,9.15403867275513e-05,0.00937043411087273,0.00173325015180254,-9.52823555726729e-05,-0.000374110447259875,-6.50358748271032e-05,-0.000361248495077691,6.81939621399238e-06
PY,PRY,Paraguay,2020-11-20,2020-11-20,224,0.03125,0.0227853104618794,0.0186052542521861,0.00012452347244151,0.00892857142857143,0.0123187757257126,0.00356562679274353,5.49292724192262e-05,0.0101069379238393,0.00158305491484249,0.0194027770620349,0.0184995928319558,0.0169227321870546,0.00011403455946075,0.013751445133023,0.0152799130477403,0.0116121731725789,9.09860922616223e-05,0.00938749410638328,0.00168281649002014,-6.82596667018349e-05,-0.000319508545903989,-8.0154716287739e-05,-0.000370947346306454,6.88142516672499e-06
PY,PRY,Paraguay,2020-11-21,2020-11-21,210,0.0238095238095238,0.0206196401417105,0.0231254739055396,0.000143122177957805,0.0142857142857143,0.0160496271971058,0.0130513202595408,0.000108072881742854,0.00910513586569924,0.00157015788902861,0.0194107092470055,0.0179864033803285,0.0168078637477252,0.000113939838302981,0.0136555023875469,0.0148495031467425,0.0113217673306254,9.05538696207835e-05,0.00941540609659319,0.0016336999063391,-4.36321930910721e-05,-0.000260952585527376,-9.01144042287436e-05,-0.000362634891179415,1.00993759106777e-05
PY,PRY,Paraguay,2020-11-22,2020-11-22,224,0.0133928571428571,0.0150533385044265,0.0175648070623072,0.000126926178898993,0.00892857142857143,0.0123187757257126,0.00846074464434654,8.84986831505561e-05,0.0091057975761546,0.0015068579933354,0.0194307940937969,0.0174956002542371,0.0167209444848769,0.000113869873445285,0.0135762693886584,0.01443140749243,0.0110804151231619,9.02062006901511e-05,0.00945667111732208,0.00158744299410118,-2.19548452270816e-05,-0.000205031511545608,-9.32946108561763e-05,-0.000339245146682072,1.64551999430985e-05
PY,PRY,Paraguay,2020-11-23,2020-11-23,272,0.0110294117647059,0.0124117066449272,0.0238636138744108,0.000147117506043724,0.00735294117647059,0.0101529352122603,0.0230285011711556,0.000144582183732426,0.0102170399445855,0.00149746450021882,0.0194636615510336,0.0170331554316077,0.0166461258861996,0.000113738525866105,0.0135215123985306,0.0140339821909091,0.0108887533309024,8.9908040129652e-05,0.00951308408364932,0.00154527074035861,-3.29114894794674e-06,-0.000157371522418018,-8.89441837901856e-05,-0.000304511977531563,2.56626924370268e-05
PY,PRY,Paraguay,2020-11-24,2020-11-24,326,0.0306748466257669,0.0187182495187131,0.0308091242006385,0.000164285174331317,0.0184049079754601,0.0145905715707575,0.0129799167679923,0.000107610088002804,0.0111979296272334,0.00145495395490611,0.0195170681488076,0.0166068868662579,0.0165764361587902,0.000113506239988918,0.0134994655994314,0.0136659025016426,0.0107469289777625,8.96432018455221e-05,0.00958627645364653,0.00150808882022816,1.39357068425598e-05,-0.000120722227777381,-7.66001695077541e-05,-0.0002621756605027,3.73614104096639e-05
PY,PRY,Paraguay,2020-11-25,2020-11-25,278,0.0215827338129496,0.0170820887672397,0.0135008104693848,0.000110926888856575,0.0143884892086331,0.0139986506109683,0.0051910659199086,6.90727355889798e-05,0.00762910798122066,0.00124563511518015,0.0196038191196906,0.0162255753755466,0.016514065417109,0.000113185075732558,0.0135194930298691,0.0133365917507036,0.0106565928953172,8.94248519764253e-05,0.00967780674836075,0.00147649551874473,3.26002935065346e-05,-9.45533205677993e-05,-5.59125346624769e-05,-0.000215132789227203,5.12287729146702e-05
PY,PRY,Paraguay,2020-11-26,2020-11-26,294,0.0170068027210884,0.0147795434612204,0.012248899689778,0.000105343258411449,0.0170068027210884,0.0147795434612204,0.012248899689778,0.000105343258411449,0.00907558024201547,0.00130893238405588,0.0197429944001928,0.0158995836212639,0.0164730845103954,0.00011284471682297,0.0135917131808902,0.0130554776180725,0.0106221571435887,8.92971263281351e-05,0.00978880691202968,0.00145076551782815,5.67028896929864e-05,-7.49412794431922e-05,-2.66219920221376e-05,-0.000165002671498369,6.6885467607733e-05
PY,PRY,Paraguay,2020-11-27,2020-11-27,310,0.0290322580645161,0.0186900323370428,0.0236908519755434,0.000142420317264576,0.0258064516129032,0.0176503781861949,0.0161131307787772,0.000117909956255131,0.011296447627746,0.00143611460979822,0.0199537106134193,0.0156389388052067,0.0164714011905903,0.000112584856468574,0.0137258045886541,0.0128317897593844,0.0106477566946963,8.93192305996413e-05,0.00991930144577104,0.0014308678603572,9.05002277356327e-05,-5.60770928558213e-05,1.17170335178692e-05,-0.000112335105988187,8.39825581963076e-05
PY,PRY,Paraguay,2020-11-28,2020-11-28,250,0.016,0.0155537683759285,0.0132893277832162,0.00010513657685306,0.008,0.0110427926179981,0.00751061402249904,7.9269856233395e-05,0.00712919492262215,0.00125540078172812,0.0202535025559552,0.0154522921720694,0.0165322065734867,0.000112529437557711,0.0139284633131052,0.0126720613301091,0.010736689458189,8.955208113719e-05,0.0100691794040422,0.00141660745806132,0.000137118077026383,-3.14563185650392e-05,5.86989874078005e-05,-5.72876108288264e-05,0.000102084714453361
PY,PRY,Paraguay,2020-11-29,2020-11-29,311,0.0160771704180064,0.0139782634974357,0.00696333448710081,7.73176124560115e-05,0.00643086816720257,0.00888386079990563,0.00421724478665061,6.02537206359014e-05,0.00759131057531631,0.00117547004856597,0.0206539954480599,0.015345856998785,0.01667376808241,0.000112786849516141,0.0142033246352909,0.0125814103312627,0.0108895487300935,9.00481835774587e-05,0.0102368503464206,0.00140757343583274,0.000198388982837701,4.60703270174489e-06,0.000113635372793396,1.32566531854903e-07,0.000120627710461874
PY,PRY,Paraguay,2020-11-30,2020-11-30,318,0,0,0,0,0,0,0,0,0.012791503117063,0.00149669817747795,0.0211561081224509,0.0153205521778026,0.0169072046379976,0.000113431955382246,0.0145469290027032,0.0125600120077896,0.0110996545901586,9.08226148174652e-05,0.0104193421979803,0.00140320401675498,0.000273173328940559,5.51280798679043e-05,0.000174577233878629,5.87876020660281e-05,0.000138844290722292
PY,PRY,Paraguay,2020-12-01,2020-12-01,334,0.0149700598802395,0.0130230090375769,0.0115120602254286,9.86974622809612e-05,0.00898203592814371,0.0101181943029683,0.00544870636751316,6.8108931591832e-05,0.0105403663812943,0.00135795412172167,0.0217484822261874,0.0153719732673162,0.0172324406942975,0.000114488629043349,0.0149487355910512,0.0126035931914044,0.0113541176856233,9.18520745958208e-05,0.0106129679989963,0.00140286532757227,0.000357443851082795,0.00011972921286475,0.000238207093530348,0.000116254131717681,0.000155860208439255
PY,PRY,Paraguay,2020-12-02,2020-12-02,325,0.0215384615384615,0.0157828572880355,0.0150200859892989,0.00011234284853529,0.0215384615384615,0.0157828572880355,0.0150200859892989,0.00011234284853529,0.00923983618020178,0.00132528952798549,0.0224074449263183,0.0154898814840892,0.017635231197837,0.000115917130433933,0.0153905134332088,0.0127028142012934,0.0116309541451094,9.3062672114059e-05,0.0108128534939858,0.00140584314341806,0.000444075087687572,0.000193691114573591,0.000299800042053088,0.000168132833586776,0.000170674430326019
PY,PRY,Paraguay,2020-12-03,2020-12-03,344,0.0232558139534884,0.0159266728518357,0.0228176475841818,0.000139028327312328,0.00872093023255814,0.00982535484592562,0.00848759891463048,8.5412523945499e-05,0.0108834827144686,0.00137515366757172,0.0230981697366043,0.0156583638413859,0.0180913893776964,0.000117627205859689,0.0158469158861503,0.0128433306768925,0.0119035851338795,9.43458740596532e-05,0.0110139126096842,0.00141139193356358,0.000524076520530823,0.000269998031184349,0.000353518549582693,0.000209304739863874,0.000182435193985534
PY,PRY,Paraguay,2020-12-04,2020-12-04,382,0.0209424083769634,0.0143593189190302,0.0171491984054053,0.000121429458765037,0.0157068062827225,0.0124687407248749,0.013898971776413,0.000109499060027868,0.0163429556933437,0.00159242508952177,0.0237787256244402,0.0158578473504335,0.0185652580113725,0.000119477656078283,0.0162893731674198,0.0130082267415908,0.0121421676196026,9.55677537301374e-05,0.0112107035308997,0.00141874729991106,0.000587537178080831,0.000338841906314308,0.0003934849757191,0.000234246360235609,0.000190254021142905
PY,PRY,Paraguay,2020-12-05,2020-12-05,327,0.036697247706422,0.020378506954497,0.028269674329615,0.000152468267742832,0.0305810397553517,0.0186619101072105,0.0246066853385572,0.000142515673781364,0.00964430651706851,0.00132354591623819,0.0244055285505852,0.0160670701650063,0.0190217553472848,0.000121319314450482,0.0166890179073836,0.0131794787511524,0.0123210574626541,9.66023121580516e-05,0.0113982417328576,0.00142719174420793,0.000625255517087562,0.000391331210812455,0.000414282212015447,0.000238584788760097,0.000193565231072846
PY,PRY,Paraguay,2020-12-06,2020-12-06,366,0.0382513661202186,0.0196499664183836,0.0212151410506988,0.000135433756889758,0.0218579234972678,0.0149800398868529,0.0131240502594842,0.00010696102790267,0.00913358941527956,0.00121812047267818,0.0249403605943767,0.0162666853250069,0.0194253151654496,0.000123000381137539,0.0170223186552007,0.0133411665038484,0.0124201396279872,9.73427866189818e-05,0.0115724597759437,0.00143608642919785,0.00063070874532096,0.000419685087908668,0.000412564942082921,0.000220080839638103,0.000192186262993903
PY,PRY,Paraguay,2020-12-07,2020-12-07,324,0.0432098765432099,0.0221398890655786,0.0355863440941331,0.000173954312968738,0.0339506172839506,0.019719644759771,0.0309752107790063,0.000162680844118521,0.015377982178787,0.00166928195875778,0.0253523717208299,0.0164399368418183,0.0197489656970482,0.000124397751102584,0.0172717136870687,0.0134804578386949,0.012429532759617,9.7725236735145e-05,0.0117296555238757,0.00144485294295078,0.000600648249107088,0.000419420833791783,0.000387163016002913,0.000179235845665621,0.000186114587479902
PY,PRY,Paraguay,2020-12-08,2020-12-08,300,0.02,0.0158422002770664,0.0205312894791188,0.000134834629770019,0.0133333333333333,0.0129790247360912,0.0139644754531406,0.000111572366510188,0.00968637101418923,0.00138902385546176,0.0256242571903796,0.0165752607172612,0.0199774512552963,0.000125431287209712,0.0174291479047492,0.0135884673431782,0.0123513567313252,9.7734858956836e-05,0.0118676883793761,0.00145307289174263,0.000536135377343552,0.000390370009576544,0.000339772411923416,0.000120067097702638,0.000175805814231725
PY,PRY,Paraguay,2020-12-09,2020-12-09,335,0.0149253731343284,0.012984428898707,0.00839459860375507,8.48224784427217e-05,0.0119402985074627,0.011631209359594,0.00726898647244476,7.89758436615553e-05,0.0137101679846521,0.0015590474556153,0.0257544166631043,0.0166686993625357,0.0201117888429244,0.000126083470937884,0.0174986497757952,0.0136644096558307,0.0122029652630758,9.74275316118545e-05,0.0119848673657367,0.00146046401272741,0.000442707821083338,0.000336733244204673,0.000275288981607478,4.98966881993807e-05,0.000161825792675407
PY,PRY,Paraguay,2020-12-10,2020-12-10,324,0.037037037037037,0.0205635691421992,0.0347926134362519,0.000168315242973411,0.0154320987654321,0.0134218048321975,0.00996319579019388,9.12209532475101e-05,0.0112288853395286,0.00143677456493267,0.0257527078085622,0.0167204407261751,0.0201643810824837,0.000126379423124893,0.0174913069920156,0.0137105051320581,0.0120097110023211,9.68952394238811e-05,0.0120806660659827,0.00146690535441403,0.000328997030686997,0.000266520511851861,0.000200322304099298,-2.20761028802595e-05,0.000144993755847174
PY,PRY,Paraguay,2020-12-11,2020-12-11,296,0.0202702702702703,0.0160540698628235,0.0133480261628479,0.000109302203974463,0.0168918918918919,0.0146805396753663,0.00665710844195831,7.74516742001577e-05,0.0132373186487345,0.00162998822927027,0.0256430047885266,0.0167384630053657,0.0201629281586748,0.000126404995109347,0.0174270500407414,0.0137355485214279,0.0118069288072998,9.6277877458405e-05,0.0121552813650598,0.00147246281762671,0.000206246039656892,0.000190195468565009,0.000123005355559636,-8.56881092257284e-05,0.000126173272033686
PY,PRY,Paraguay,2020-12-12,2020-12-12,288,0.0381944444444444,0.022135818565795,0.0253996114960719,0.000142834878027857,0.03125,0.020094755009177,0.016416268622142,0.000115358695053903,0.0171463563992652,0.00189840559591515,0.0254582089847381,0.0167345040723175,0.0201452512701458,0.00012628470529801,0.0173304834842448,0.0137509305978902,0.0116339896504718,9.57356591475618e-05,0.0122095628971978,0.00147731992371977,8.63080650602427e-05,0.00011998935078271,5.13608048406689e-05,-0.000131024996252568,0.000106183853542354
PY,PRY,Paraguay,2020-12-13,2020-12-13,304,0.0197368421052632,0.0156358491859997,0.024929961230201,0.000145379190238736,0.00657894736842105,0.00908774610027955,0.00436111692448767,6.14431295131331e-05,0.00919697288206853,0.00135633708062495,0.0252336205610569,0.0167221153695092,0.0201519971417217,0.000126159047875834,0.0172261420414941,0.0137688508963298,0.0115288527774249,9.54252647769082e-05,0.012244905488045,0.00148177025708857,-1.97918599621656e-05,6.71719074455795e-05,-7.59527426242961e-06,-0.000150113330365339,8.58749940282191e-05
PY,PRY,Paraguay,2020-12-14,2020-12-14,444,0.0225225225225225,0.0138012524697166,0.01678865373515,0.000118369429183463,0.0112612612612613,0.00981501342888182,0.00657425292782968,7.44558946746674e-05,0.0105633802816901,0.00118310606681284,0.0250069796485261,0.0167159484179156,0.0202250774228492,0.000126177100003995,0.0171375808042866,0.013801059297851,0.011524469666301,9.54839218277609e-05,0.0122634664832504,0.00148616983296651,-0.000102879590308911,4.12710279254827e-05,-4.85945167437822e-05,-0.000137814510837357,6.5963017312367e-05
PY,PRY,Paraguay,2020-12-15,2020-12-15,438,0.0228310502283105,0.013988102621145,0.0140183276762628,0.000109121849118188,0.0182648401826484,0.0125405373660046,0.012089121210864,0.000101434441392592,0.0104463095709809,0.00119600133728517,0.024812331648928,0.0167289839827522,0.0204007305902567,0.000126473512727666,0.0170848124169888,0.0138572818569216,0.0116462163447848,9.60186032923913e-05,0.0122679693701375,0.00149086814211543,-0.000157014169029373,4.8156957888718e-05,-6.89728931343974e-05,-9.27914863818425e-05,4.71836674001388e-05
PY,PRY,Paraguay,2020-12-16,2020-12-16,373,0.0241286863270777,0.0155724444326798,0.0116448815552666,0.000100706818431406,0.0214477211796247,0.0147019949430218,0.0102206721047836,9.44155978639535e-05,0.0127893799579084,0.00140106714505236,0.0246771398219979,0.0167708986526165,0.0207040145494493,0.00012714954375338,0.0170821140140985,0.0139435706063169,0.0119072463730084,9.70859587047012e-05,0.0122619234088566,0.00149616236557812,-0.000179261331094047,8.99389111609338e-05,-6.81988296528438e-05,-1.70774382187789e-05,3.02095571456439e-05
PY,PRY,Paraguay,2020-12-17,2020-12-17,347,0.0172910662824208,0.0137153436441495,0.0104201430959884,9.56346501326765e-05,0.00864553314121038,0.00974077983769884,0.00404529946113657,5.97789303497465e-05,0.0154489436619718,0.00160366054168396,0.0246212898179059,0.0168474618462816,0.021147159718727,0.000128265512322117,0.0171378408135204,0.0140620285583968,0.0123097627078187,9.86966460613273e-05,0.0122494172688706,0.00150225998713487,-0.00017028582843678,0.000164038593342039,-4.82015378701749e-05,8.38056500864874e-05,1.56893173018004e-05
PY,PRY,Paraguay,2020-12-18,2020-12-18,281,0.0177935943060498,0.0154571049027781,0.0123875433058084,0.000102211965131051,0.0142348754448399,0.0138502780254845,0.00875891450256966,8.61054531416862e-05,0.0174624985686477,0.00194258093712529,0.0246562637978414,0.0169601439237482,0.0217268856142068,0.000129830854899833,0.0172552758858232,0.0142111539867082,0.0128425115957787,0.000100806375560884,0.0122351229413767,0.00150925653213417,-0.00013365753114946,0.000263605724010155,-1.25345997369278e-05,0.000201420324217819,4.26000736313947e-06
PY,PRY,Paraguay,2020-12-19,2020-12-19,268,0.0186567164179104,0.0161997673068537,0.00737653479667682,7.83870352159742e-05,0.0186567164179104,0.0161997673068537,0.00737653479667682,7.83870352159742e-05,0.00724851199245683,0.00127633497553971,0.0247846887781432,0.0171062700116893,0.0224247797693953,0.000131803715234075,0.0174318437153192,0.014385858148045,0.0134830771454738,0.000103324536638974,0.0122232878955126,0.00151710105553549,-7.48219638189417e-05,0.000378797104612279,3.4283612304178e-05,0.000325704061341472,-3.60293208874196e-06
PY,PRY,Paraguay,2020-12-20,2020-12-20,305,0.0360655737704918,0.0209251384319494,0.0542014519711939,0.000205867985730804,0.019672131147541,0.0155850984975116,0.0159986145445326,0.000114083562874341,0.0126659235991489,0.00156008051936823,0.0250006205788812,0.0172793443691588,0.0232096911220171,0.000134096792820785,0.0176600492038647,0.014578252207213,0.0141999767137931,0.000106124428713462,0.0122181607104025,0.00152564310042665,-1.05984494082392e-06,0.000497435616527983,8.70780665963543e-05,0.000445917841248683,-7.55096214130063e-06
PY,PRY,Paraguay,2020-12-21,2020-12-21,324,0.0216049382716049,0.0158310320025133,0.0146414366551851,0.000111941835483316,0.0185185185185185,0.0146797872288927,0.0121306502851651,0.000102022327319031,0.0130818811172117,0.00153880492947217,0.0252920002966539,0.0174706246280073,0.0240402640091711,0.000136586597040728,0.0179293036854501,0.014779090788562,0.014954646961093,0.000109052342103076,0.0122233372125938,0.0015346512107463,7.99447746209816e-05,0.000606588903152402,0.000140748544743546,0.000551405102718039,-7.43869292394647e-06
PY,PRY,Paraguay,2020-12-22,2020-12-22,304,0.0296052631578947,0.019053290028132,0.0237256951221555,0.000142594636996904,0.0164473684210526,0.014297440963125,0.0136174670223284,0.000108587201934704,0.00669678448046771,0.00116538671132702,0.0256412216654091,0.017669818131501,0.0248715066336503,0.000139132392980165,0.0182257174892969,0.0149782684142344,0.0157067067292593,0.000111947406647384,0.012240059715646,0.0015437592219136,0.000160680307235191,0.000694582014033504,0.000190600579199724,0.000633243392708482,-3.64394886843428e-06
PY,PRY,Paraguay,2020-12-23,2020-12-23,272,0.0220588235294118,0.0174546513542565,0.0361901123920796,0.00017716897855266,0.0147058823529412,0.0143051404999708,0.0328542735344687,0.000169098174647471,0.0136649685346119,0.00176157659964498,0.0260275563909038,0.0178664748233922,0.0256579041418799,0.000141589016842615,0.0185336020954342,0.015165995582774,0.0164159928930487,0.000114652973274942,0.0122681577861143,0.00155256232504498,0.000234377762166325,0.000751790737192142,0.000232626880318974,0.000684371697538336,3.12341954062777e-06
PY,PRY,Paraguay,2020-12-24,2020-12-24,229,0.0218340611353712,0.0189279630222622,0.0184047377747317,0.000125379208873049,0.0218340611353712,0.0189279630222622,0.0184047377747317,0.000125379208873049,0.00936688089703268,0.00156113056651027,0.0264286059278547,0.0180502587979459,0.0263591228596312,0.000143822316676066,0.0188370736196333,0.015333304697686,0.0170479981951632,0.000117034061859378,0.0123059747067229,0.00156064705607639,0.00029539035500223,0.000772039540904066,0.000263632955635026,0.000700914433230743,1.18086275577136e-05
PY,PRY,Paraguay,2020-12-25,2020-12-25,257,0.0272373540856031,0.0199006577298801,0.0379286986226252,0.000181751930234494,0.0194552529182879,0.0168862680370449,0.0228320022850949,0.000142117660066419,0.012682153527224,0.00171252895640992,0.0268220220360366,0.0182125743529734,0.0269431038336083,0.000145728356329549,0.0191198150628463,0.015472833888208,0.0175749735583881,0.000118989401047884,0.0123502553932898,0.00156759176517896,0.00033955554298223,0.000753054010702163,0.000281328557921197,0.000681982735485718,2.11612496295472e-05
PY,PRY,Paraguay,2020-12-26,2020-12-26,338,0.0236686390532544,0.0162059690081321,0.0148307241556297,0.000113889225857394,0.0177514792899408,0.0140772462486229,0.0118643197145916,0.000102017750729406,0.0141799952255908,0.00160119698768715,0.027187337533717,0.0183463825691744,0.0273902939838418,0.000147240262082489,0.0193683064058321,0.0155793636552388,0.0179813155762488,0.000120465371653014,0.0123975102662624,0.00157305788943222,0.000364452825805977,0.000696767143637454,0.000284709533661234,0.000630223143742607,2.98915926433092e-05
PY,PRY,Paraguay,2020-12-27,2020-12-27,317,0.0410094637223975,0.0218307002057982,0.0557126085590666,0.000213877035125203,0.0189274447949527,0.0150008206065444,0.0197698117757863,0.000129807748415687,0.0129067085439466,0.00154976132966061,0.0275083184457893,0.0184470890436329,0.0276944660250846,0.000148334036668916,0.0195715906498516,0.0156497798599114,0.0182622055978275,0.000121452389870718,0.0124446664671117,0.00157681423150119,0.00036938635818923,0.000609033669318909,0.000273714494066922,0.000551259772789087,3.68882090863113e-05
PY,PRY,Paraguay,2020-12-28,2020-12-28,345,0.0318840579710145,0.0185391161084727,0.0351605466182598,0.000170942050431993,0.0289855072463768,0.0177027954773681,0.0327716126358894,0.000165236883955819,0.015293078603635,0.00163982898300971,0.0277719943724827,0.0185119089017895,0.027861805313633,0.000149025431803933,0.0197228525175888,0.0156833538550372,0.0184252151302509,0.000121989819102648,0.0124904689090634,0.00157880485594617,0.000355128784512267,0.000498383113330449,0.000249522504715317,0.000453084733498605,4.17348655695731e-05
PY,PRY,Paraguay,2020-12-29,2020-12-29,299,0.020066889632107,0.0158946417544976,0.0185024086310139,0.000126734218626411,0.020066889632107,0.0158946417544976,0.0185024086310139,0.000126734218626411,0.0110921941907857,0.00147443023381026,0.0279716589468456,0.0185409155394542,0.0279112114387221,0.000149369528669755,0.0198201629925993,0.0156820062037864,0.018489006355156,0.000122158825720207,0.0125353351973942,0.00157915350856515,0.000324017092656957,0.000375551216140362,0.000214426816194181,0.000345502243684551,4.45295685466476e-05
PY,PRY,Paraguay,2020-12-30,2020-12-30,288,0.03125,0.020094755009177,0.0277999749969668,0.00015429677169964,0.0243055555555556,0.0177853140931878,0.0204994811849015,0.000132993554350163,0.0179257362355954,0.00194030195833246,0.0281050026419885,0.0185361117649781,0.0278696155979801,0.000149446142233905,0.0198661149562097,0.0156497902416221,0.0184799498409507,0.000122068405057394,0.0125816793395362,0.00157816147735238,0.000279399452355628,0.000251748789724823,0.000171506889429394,0.000238658607631256,4.59507721355393e-05
PY,PRY,Paraguay,2020-12-31,2020-12-31,229,0.0436681222707424,0.0264677439695295,0.0412107062524354,0.000185623856901934,0.0262008733624454,0.0206882103939811,0.0285382463232337,0.0001554868517828,0.0112676056338028,0.00173603757023403,0.028176789637825,0.0185023615066295,0.0277721912074005,0.000149356998757838,0.0198687085960095,0.0155932541791502,0.0184306381069909,0.000121846901536363,0.0126337239051756,0.00157631538366603,0.000225794600298056,0.000138181228965355,0.000124815588860526,0.000142610758100471,4.72447519809536e-05
PY,PRY,Paraguay,2021-01-01,2021-01-01,268,0.0223880597014925,0.017712186270699,0.0130287337152894,0.000108437630281046,0.0149253731343284,0.0145170328332608,0.00698822708404537,7.96594608853644e-05,0.0110200954682067,0.00157074750361405,0.0281944665552564,0.0184458974541281,0.0276540830389571,0.000149203004388874,0.0198387727763229,0.0155202938825053,0.0183747756297751,0.00012162251637768,0.0126953576242628,0.00157415574963148,0.000167854836923224,4.39648425192146e-05,7.84110617484633e-05,6.5576675587723e-05,4.96412263333932e-05
PY,PRY,Paraguay,2021-01-02,2021-01-02,296,0.0135135135135135,0.013153215810176,0.00999220969229222,9.26221534322576e-05,0.00675675675675676,0.00933252554754552,0.00254734242495181,4.69412454839528e-05,0.011746152591223,0.00155722407969664,0.0281705391661193,0.0183747798939343,0.0275508568659322,0.000149081079305528,0.0197905334822616,0.0154401282161905,0.0183442137720298,0.000121510178143739,0.0127697645617452,0.00157224537554027,0.000110370120055003,-2.39348598587274e-05,3.64904720683417e-05,1.36680290337126e-05,5.41830157722517e-05
PY,PRY,Paraguay,2021-01-03,2021-01-03,327,0.0428134556574924,0.0219413148093805,0.0449338625486049,0.000190697942273624,0.0275229357798165,0.0177321451130859,0.020055700819304,0.000129051192973853,0.0101827179291968,0.00135732058010691,0.0281224005175852,0.0182989676674165,0.0274962598516997,0.000149081862648168,0.019740340220931,0.0153628395665011,0.0183664424054425,0.000121604603162596,0.0128575346526433,0.00157106065813001,5.84010241837547e-05,-6.09242436555423e-05,2.91461722369893e-06,-9.79545413472687e-06,6.11776239299727e-05
PY,PRY,Paraguay,2021-01-04,2021-01-04,359,0.0222841225626741,0.0152688022289495,0.0232807248764711,0.000143554629723413,0.0167130919220056,0.0132607899537075,0.0210408221579811,0.000136630519242427,0.0095315092974767,0.00124224166006058,0.0280667136512489,0.0182279918399355,0.0275151785866302,0.000149266387507786,0.0197035086501818,0.0152978403525206,0.0184600159756986,0.000121962767963269,0.0129559316861959,0.00157091394906468,1.5842450733888e-05,-6.60054753486399e-05,-1.94423904029215e-05,-4.83172990955842e-06,7.009941480028e-05
PY,PRY,Paraguay,2021-01-05,2021-01-05,355,0.0225352112676056,0.0154388622501744,0.0210249216270339,0.000133559511111741,0.0197183098591549,0.0144625276885268,0.0152240270826806,0.000113986995268846,0.0101176680335176,0.00130950564423138,0.0280240275773968,0.0181722710796432,0.027627459334083,0.000149681733013828,0.0196963353538559,0.0152544424233754,0.0186359857542063,0.000122613219428142,0.013058943096134,0.00157192480245834,-1.34958440986277e-05,-4.03593773161913e-05,-2.8296600392303e-05,2.60059855425864e-05,7.95439594329673e-05
PY,PRY,Paraguay,2021-01-06,2021-01-06,326,0.0337423312883436,0.0196007780246336,0.0307882298673346,0.000160321521594405,0.0245398773006135,0.0167950091354203,0.0226170845824818,0.000137987837579012,0.0114618746964546,0.00145393321359347,0.0280126037446536,0.0181406791034597,0.0278432568432418,0.00015034719285079,0.0197305358447685,0.0152394681960495,0.0188940634677276,0.000123542852342174,0.013157466664307,0.00157398508438296,-2.73643155285647e-05,1.18442726402262e-05,-2.30287918734987e-05,7.72375601227789e-05,8.72904598552424e-05
PY,PRY,Paraguay,2021-01-07,2021-01-07,337,0.029673590504451,0.0181166175404761,0.0238378806780923,0.000144634168179828,0.0207715133531157,0.0152268205537837,0.0114420952943073,0.000100839328027144,0.0163621996002417,0.00169525896811603,0.0280499441120675,0.0181407642274231,0.0281643743347992,0.000151261657027967,0.0198161164769625,0.015258234953468,0.0192262511326663,0.000124714352049578,0.0132415968610992,0.00157685457888623,-2.40870738648109e-05,8.50485493070196e-05,-3.77604989338966e-06,0.00014191258381519,9.10398728060704e-05
PY,PRY,Paraguay,2021-01-08,2021-01-08,310,0.032258064516129,0.0196682707294781,0.0286780998354524,0.000156260825669726,0.0129032258064516,0.012563083872327,0.0165521438188713,0.000119452744610815,0.0188303735456216,0.00190311876322919,0.0281499642139147,0.0181776774020635,0.0285829494947848,0.000152400006110514,0.0199587633826646,0.0153134084816497,0.019616332400896,0.000126065225100954,0.0133013468369637,0.00158016868594006,-3.42915870076473e-06,0.000172015438142093,2.80383167338248e-05,0.000212019771477694,8.85970458697549e-05
PY,PRY,Paraguay,2021-01-09,2021-01-09,313,0.0191693290734824,0.0151906514038627,0.0181953691547158,0.000123953737888871,0.0159744408945687,0.0138896705601705,0.0155934684780243,0.000114901384210475,0.0219373796737258,0.0020434886280591,0.0283224657167898,0.0182542469390342,0.0290835861780996,0.000153722594469598,0.0201599932060125,0.0154053392180406,0.0200433887374916,0.000127523589167965,0.0133296947570184,0.001583613799627,3.33441998674293e-05,0.000264554387733307,6.99421641802596e-05,0.000279491055341507,7.86933507291989e-05
PY,PRY,Paraguay,2021-01-10,2021-01-10,301,0.026578073089701,0.0181709298306255,0.0282021644528058,0.000153892230452353,0.0232558139534884,0.017026329463658,0.0258051206694941,0.000147388425159824,0.011317907444668,0.00147045352929261,0.0285692256886325,0.0183694335219338,0.0296411574944307,0.000155165834833943,0.0204153133529526,0.0155311628935048,0.0204821174313596,0.00012900633196587,0.0133230399519554,0.00158691907153121,8.37520062305994e-05,0.000354329817966751,0.00011863411712847,0.000337016909276832,6.11847109599102e-05
PY,PRY,Paraguay,2021-01-11,2021-01-11,349,0.0257879656160458,0.0166291734727182,0.0463419011074392,0.00019464597375592,0.0171919770773639,0.0136374331839857,0.0345218357913679,0.000169036433228308,0.00823897634171039,0.00120198306693226,0.0288843518173707,0.0185190752721853,0.0302243134478484,0.000156654773140669,0.0207152372054433,0.0156856568870035,0.0209066775293892,0.000130435537974413,0.0132829615272725,0.00159001658370736,0.000143387373328985,0.000432809018960901,0.000169816975264568,0.000378448629197156,3.73364051897617e-05
PY,PRY,Paraguay,2021-01-12,2021-01-12,312,0.0192307692307692,0.0152388620783683,0.0137192320484003,0.000110754331358048,0.0128205128205128,0.0124830742551549,0.0108301988717802,9.85483090001981e-05,0.0199571990245359,0.0019337397047065,0.0292518802701571,0.0186949721593989,0.0307936731421451,0.000158093809392168,0.0210451391146162,0.0158610882021576,0.0212909513318707,0.000131735021086816,0.0132147716360944,0.00159292456504866,0.000206546087583926,0.00049173604981721,0.000219100544974617,0.000399481310690511,9.55082863123707e-06
PY,PRY,Paraguay,2021-01-13,2021-01-13,346,0.0260115606936416,0.0167714320890699,0.0291113444821601,0.000156780768080046,0.023121387283237,0.0158357007589939,0.0253645749420909,0.000146626285778893,0.0129725722757598,0.00150959269266162,0.0296485101981725,0.0188866929495036,0.0313090330864884,0.000159388012033347,0.0213864351049919,0.016048277042361,0.0216117841440753,0.000132842009193887,0.0131276922138143,0.00159583997665208,0.000266427681017497,0.000524109791948205,0.000261719771338232,0.000397588835234831,-1.89841078808067e-05
PY,PRY,Paraguay,2021-01-14,2021-01-14,297,0.0269360269360269,0.0184122698769387,0.0354203655055477,0.000173108653404773,0.0202020202020202,0.0160005730434938,0.0188362424169637,0.000127318378568219,0.0102925243770314,0.00145595053429964,0.0300429864432635,0.0190814310399203,0.0317272477107179,0.000160433975396517,0.0217184166979472,0.0162372881717674,0.0218499295161091,0.000133705231298058,0.0130327686668431,0.00159904156970423,0.000315503704891457,0.000524049702655525,0.0002932755525471,0.000372266185868849,-4.47630283534365e-05
PY,PRY,Paraguay,2021-01-15,2021-01-15,266,0.0488721804511278,0.0259094129422503,0.0542632433698477,0.000209281109349029,0.0413533834586466,0.0239272104201166,0.0396729639410087,0.000180322085660566,0.0119596891694998,0.00166005394971227,0.0303989247174877,0.0192653215136032,0.0320061009957508,0.000161130449873087,0.0220174416481616,0.0164174123247245,0.0219878298335136,0.000134279211961315,0.0129406255939376,0.0016027884188555,0.000346076500116315,0.000487085802941875,0.000309574740358184,0.00032407351600367,-6.48448605134695e-05
PY,PRY,Paraguay,2021-01-16,2021-01-16,269,0.0371747211895911,0.0226083856691584,0.0307425548463921,0.000158830982944017,0.0223048327137546,0.0176470928386428,0.0137758574562448,0.000107248890375458,0.00931009787538792,0.00145414899233411,0.0306796664121456,0.0194252450053955,0.0321108698240914,0.000161394264872431,0.0222618500213706,0.0165790572805562,0.0220146906050802,0.000134535731486357,0.0128602361897585,0.00160729964079535,0.000351740120585516,0.000411618721610109,0.000307756111403006,0.000255428862286768,-7.713396036614e-05
PY,PRY,Paraguay,2021-01-17,2021-01-17,281,0.0177935943060498,0.0154571049027781,0.0296834427316342,0.000158540886751273,0.0106761565836299,0.0120163241837732,0.0201067818956778,0.00013112578057645,0.0120481927710843,0.00160822969531997,0.0308528714055436,0.0195506267460505,0.0320160295797058,0.00016116399224222,0.0224337701951022,0.0167147971951838,0.0219263997434483,0.000134463555220816,0.0127972134270668,0.00161267669442804,0.000328086598028816,0.000298619355309575,0.000286422164943154,0.000169953702343178,-8.09580167009524e-05
PY,PRY,Paraguay,2021-01-18,2021-01-18,276,0.036231884057971,0.0220457707137996,0.0357739622427925,0.000172579458658751,0.0217391304347826,0.0172044968146007,0.0214944155345739,0.00013475988364219,0.0107088813874985,0.00153902382467561,0.0308936739861262,0.0196343459625418,0.0317086831167165,0.000160410161764977,0.02251821862868,0.0168187838160148,0.0217225890734686,0.000134059127432399,0.0127537748239941,0.00161892759066027,0.000273632285994839,0.000152501662428579,0.000245513252343967,7.19396235996609e-05,-7.68328020167309e-05
PY,PRY,Paraguay,2021-01-19,2021-01-19,316,0.0379746835443038,0.0210738983995506,0.0362776049272394,0.000171490057548918,0.0316455696202532,0.0193009275417471,0.0273619979402237,0.00014962121837074,0.0117881200244948,0.00151116430091116,0.0307898038190651,0.0196742577676604,0.0311928126321583,0.000159145096909227,0.0225082749684385,0.0168888019836916,0.0214129560547914,0.000133344946499298,0.0127280185957752,0.00162589772160248,0.00019021560348211,-1.93700757216876e-05,0.000186973310574424,-3.31380148806363e-05,-6.66122696731924e-05
PY,PRY,Paraguay,2021-01-20,2021-01-20,297,0.0471380471380471,0.0241029751297906,0.0437734412280925,0.000189296079159538,0.0269360269360269,0.0184122698769387,0.0294073866935632,0.000156315692834362,0.0146080946646421,0.00170154742891499,0.0305418112145879,0.0196732170518475,0.0304898355799422,0.000157424001441887,0.0224016726085581,0.0169249687291038,0.0210118584407714,0.000132353758991662,0.0127150451694929,0.00163336394695837,8.31374618874021e-05,-0.000206235355129281,0.00011387598510181,-0.000139678512556278,-5.29539162250385e-05
PY,PRY,Paraguay,2021-01-21,2021-01-21,302,0.0298013245033113,0.0191775331211838,0.0311901739060367,0.000162952969019522,0.0298013245033113,0.0191775331211838,0.0311901739060367,0.000162952969019522,0.0141916135596851,0.00169649734769569,0.0301649482448941,0.0196390043118272,0.0296372031170813,0.000155342388774464,0.0222054166391598,0.0169310286299277,0.020543597468863,0.000131144863542464,0.0127080420418176,0.00164103594582115,-3.89960787655931e-05,-0.000394816313111593,3.13291651663541e-05,-0.000240705394108435,-3.8763925353336e-05
PY,PRY,Paraguay,2021-01-22,2021-01-22,265,0.0452830188679245,0.0250339951482527,0.0541315229706974,0.000214063263394626,0.0264150943396226,0.0193080383656511,0.0187958573783706,0.000128473158111993,0.0162002055249955,0.00192377635273414,0.0296873810223393,0.0195837968583641,0.0286883160310094,0.000153033650916358,0.0219320882030037,0.0169132457186154,0.0200372237053113,0.000129789951237434,0.0126988860383773,0.00164860644743265,-0.000165380898301057,-0.000570425632180327,-5.49603030611598e-05,-0.000329577816628164,-2.68916918968656e-05
PY,PRY,Paraguay,2021-01-23,2021-01-23,243,0.0205761316872428,0.0178489289721103,0.0141711366606873,0.000117418101750976,0.0164609053497942,0.0159980712537999,0.0128559759687324,0.000111911504318217,0.0122022457324593,0.00173357625719439,0.0291461868080316,0.0195219324634202,0.0277075157704519,0.000150657048910424,0.0216006890780134,0.0168799453532139,0.0195274030707703,0.000128376330658855,0.0126804134191935,0.0016558121261907,-0.000284447432918653,-0.000718085634875648,-0.00013884685284813,-0.000399832778779662,-1.94666679788925e-05
PY,PRY,Paraguay,2021-01-24,2021-01-24,277,0.0108303249097473,0.0121888952895587,0.00697492350990916,8.00799640950424e-05,0.0108303249097473,0.0121888952895587,0.00697492350990916,8.00799640950424e-05,0.0102778835173201,0.00145773143079137,0.0285874640465211,0.0194697319135438,0.0267693199330415,0.000148395758604583,0.021235947265956,0.0168412462451527,0.0190535183333716,0.000127006364905598,0.012646400515018,0.00166241115653684,-0.000384368323267506,-0.00082322719727917,-0.000213711893787336,-0.000444845123349503,-1.78957181626727e-05
PY,PRY,Paraguay,2021-01-25,2021-01-25,295,0.0338983050847458,0.0206508293110634,0.0293428421153803,0.000171011850240457,0.0271186440677966,0.0185353592938622,0.0221925879417931,0.000149270100051027,0.0130215253786872,0.00161987219592115,0.0280570118645974,0.0194419911362806,0.0259475576310366,0.000146428502852406,0.0208655519261432,0.0168076807586394,0.018654874048607,0.000125783564966653,0.0125928392863534,0.00166823147357233,-0.000455465325744615,-0.000874209166853612,-0.000273787173715884,-0.000459680334364078,-2.25298849036313e-05
PY,PRY,Paraguay,2021-01-26,2021-01-26,293,0.0136518771331058,0.0132869584689217,0.0101695377935445,9.66494834385539e-05,0.0136518771331058,0.0132869584689217,0.0101695377935445,9.66494834385539e-05,0.0137715179968701,0.00164974458643009,0.0275993577744832,0.0194515692608153,0.0253132152255377,0.000144925571424344,0.0205193858980372,0.0167897460016008,0.018370339214625,0.00012481290800404,0.0125181582048684,0.00167316380652907,-0.000490408906684114,-0.000862770059067418,-0.00031371445175347,-0.000440253204357737,-3.2814494104086e-05
PY,PRY,Paraguay,2021-01-27,2021-01-27,278,0.0323741007194245,0.0208055064481158,0.0266502382651672,0.000162959829381216,0.0323741007194245,0.0208055064481158,0.0266502382651672,0.000162959829381216,0.0119831894593367,0.00160716866392886,0.0272542930331548,0.0195081540207267,0.0249284123058103,0.000144034754890317,0.0202271630501555,0.0167969507937578,0.0182330682553676,0.000124187893720631,0.0124231929754335,0.00167715179401318,-0.00048510920195655,-0.000784798468545163,-0.000329708931500717,-0.000385088202249231,-4.74748443973511e-05
PY,PRY,Paraguay,2021-01-28,2021-01-28,265,0.030188679245283,0.0206011201623291,0.0175320299197546,0.000125088292325276,0.0188679245283019,0.0163813977837363,0.0129536024430298,0.000107771872271076,0.0108519972292773,0.00154279946576872,0.0270516171414558,0.0196167616237515,0.0248400283024607,0.000143866224736956,0.0200153528667983,0.0168366198703188,0.0182697086244987,0.000123987358460564,0.0123111122765457,0.00168019234092963,-0.000439293980147243,-0.000641381288091461,-0.000319455889367567,-0.000294585846802095,-6.46289603052754e-05
PY,PRY,Paraguay,2021-01-29,2021-01-29,231,0.025974025974026,0.0205114803559099,0.0242233323809374,0.000148776587852064,0.0173160173160173,0.0168218224749858,0.0200530596739886,0.000135654448150996,0.0196909613017913,0.00225164681291991,0.0270117614355368,0.0197783388884527,0.0250768787541051,0.000144485554069264,0.0199059506020938,0.0169137070938453,0.0184955379576784,0.00012426111209434,0.012186690885443,0.00168231833317558,-0.000355737562082476,-0.000438439502724476,-0.000282456412653277,-0.00017197751884864,-8.22870889584104e-05
PY,PRY,Paraguay,2021-01-30,2021-01-30,248,0.0120967741935484,0.0136054916248064,0.00644690405966792,7.59384514358908e-05,0.00806451612903226,0.0111314854035362,0.00381069242400941,5.84606283259386e-05,0.0110798122065728,0.00162320913713554,0.0271430254768008,0.0199893677551225,0.0256451028758375,0.000145906226379617,0.0199125109179095,0.0170295965045704,0.018911320808191,0.000125024824661027,0.0120553595769944,0.00168355613360141,-0.000240739761620053,-0.000187369509534,-0.000220572724674418,-2.36995875301076e-05,-9.8506823003934e-05
PY,PRY,Paraguay,2021-01-31,2021-01-31,216,0.0277777777777778,0.0219155682939294,0.0285609475691643,0.000168819765416911,0.0138888888888889,0.0156069447657257,0.016106117040308,0.000127584748800904,0.0141578638497653,0.00198321983052162,0.0274425838846214,0.0202426162139055,0.0265284436490512,0.000148087399084893,0.0200404033334597,0.0171824520753967,0.0195030755004323,0.000126254800271886,0.0119234578543585,0.00168397876030079,-0.000102404663329349,9.68143363357556e-05,-0.00013752476544725,0.000141366908637554,-0.000111563571999144
PY,PRY,Paraguay,2021-02-01,2021-02-01,215,0.0232558139534884,0.0201458247040681,0.0150962634634754,0.00011669918569662,0.0186046511627907,0.0180618247651132,0.0122568993561753,0.000105304883551146,0.00530823129733173,0.00119815101397098,0.0278977979361584,0.0205282176864739,0.0276898705036531,0.000150939572191349,0.02028460433269,0.0173668695949285,0.0202426741010492,0.000127891791051793,0.0117961762707268,0.00168361477560191,4.97400269458588e-05,0.000396109213019222,-3.91302608912005e-05,0.000312055814404035,-0.000120330322356925
PY,PRY,Paraguay,2021-02-02,2021-02-02,171,0.0292397660818713,0.025251836669507,0.0271496363928354,0.000163904994854055,0.0175438596491228,0.019677467041559,0.017252945628168,0.000131322656420872,0.00866065960983291,0.0016986059229625,0.0284852131259295,0.0208339016229744,0.0290705041367097,0.000154322513464599,0.0206305835590368,0.0175746055041411,0.0210875891418588,0.000129839071468816,0.0116784401638477,0.00168252858463755,0.000205153348795779,0.000690348638483239,6.7236751480227e-05,0.000475753481081857,-0.000124125468597636
PY,PRY,Paraguay,2021-02-03,2021-02-03,276,0.0144927536231884,0.0140993442886724,0.00963103379453605,9.29047994803898e-05,0.0108695652173913,0.0122328153088704,0.00713638208880171,8.00731716753951e-05,0.00938967136150235,0.00142166039585257,0.0291737350067823,0.021146270945317,0.0305965760535252,0.000158061175871438,0.021054541693327,0.0177948620088133,0.0219855526726743,0.00013197381602125,0.0115728615789329,0.00168071831927957,0.000353686310887753,0.000959424625177419,0.000173198137754793,0.000619307341362593,-0.000123041782935455
PY,PRY,Paraguay,2021-02-04,2021-02-04,268,0.0223880597014925,0.017712186270699,0.0163625866194515,0.000121059941436572,0.0149253731343284,0.0145170328332608,0.0133180524651143,0.000109387050575464,0.0105065879145843,0.00150601875114885,0.0299290905416941,0.0214523619696208,0.0321868973660409,0.000161963345865213,0.0215288586350399,0.0180164730371652,0.0228817017738336,0.000134166077632582,0.011481719244034,0.00167824687131939,0.000486221517692879,0.00118500310198931,0.000270484672157688,0.00073102730269252,-0.000117495273568172
PY,PRY,Paraguay,2021-02-05,2021-02-05,216,0.0555555555555556,0.0305473239828304,0.0728938561350312,0.000261149117588927,0.0509259259259259,0.0293184318395939,0.0659112575050197,0.000249259797741432,0.0146034099332839,0.0020242995658601,0.030714362424912,0.0217400160420466,0.0337575722715084,0.000165830531844093,0.0220233648473311,0.0182283696403908,0.0237228194788606,0.000136287599991643,0.0114058424251289,0.00167518209425626,0.000595222824685201,0.00135207823261181,0.000351808988236934,0.0008019164451116,-0.000108252858644256
PY,PRY,Paraguay,2021-02-06,2021-02-06,210,0.0380952380952381,0.0258904636040038,0.0510667960303414,0.000209985753313064,0.0238095238095238,0.0206196401417105,0.0379838808380245,0.000182344868283967,0.0187546330615271,0.00228920777112885,0.0314940037232324,0.0219990619615774,0.0352314577909895,0.00016948134032583,0.0225099726967823,0.0184212429278225,0.0244650931354241,0.0001382326787857,0.0113459029319028,0.00167167566786368,0.000675236639768516,0.00145050235698972,0.000411594893887104,0.000827002939165304,-9.62591537426166e-05
PY,PRY,Paraguay,2021-02-07,2021-02-07,228,0.0263157894736842,0.020777722081382,0.0374642367444059,0.000180906976865963,0.0131578947368421,0.0147910057853002,0.00804936132328112,8.51263821189847e-05,0.0112809558774448,0.00169116931073069,0.0322379339923049,0.0222224189702685,0.0365463112488775,0.000172769025250967,0.02296672826893,0.01858883923969,0.0250805189691212,0.000139932547292775,0.0113020395171527,0.0016679175821844,0.000723356009357761,0.0014760734575374,0.000447020656039991,0.000806307478012008,-8.23561255956914e-05
PY,PRY,Paraguay,2021-02-08,2021-02-08,234,0.0341880341880342,0.0232821733219699,0.0563506631516181,0.000221835641495684,0.0341880341880342,0.0232821733219699,0.0563506631516181,0.000221835641495684,0.0059233908121627,0.00122013293763576,0.0329246102962657,0.0224069285325197,0.0376612311610866,0.00017559734515663,0.0233805409204309,0.0187287566520109,0.0255604962241836,0.000141364534301793,0.0112754169930058,0.00166423696927973,0.000739899528389372,0.00143178783739615,0.000458326226899005,0.000745484513720814,-6.71705284736408e-05
PY,PRY,Paraguay,2021-02-09,2021-02-09,212,0.0188679245283019,0.0183149595054493,0.0123500352044186,0.000105298577105052,0.00943396226415094,0.0130127457630409,0.00439740416130609,6.3085286568112e-05,0.0108005546230752,0.00173063396605755,0.0335417088514998,0.022553147783254,0.0385580652521967,0.000177923275361392,0.023747459921841,0.0188422691261302,0.0259147818516784,0.00014254858743162,0.0112678268974062,0.00166102850900192,0.000727995640786238,0.00132691486644526,0.000448819704752326,0.000654871529834021,-5.08391135877979e-05
PY,PRY,Paraguay,2021-02-10,2021-02-10,231,0.051948051948052,0.0286182321031117,0.0566558965895136,0.000222759454730747,0.0432900432900433,0.0262437721193942,0.0475246214546943,0.000205005130705237,0.00767043576010051,0.00139048753075307,0.0340868146627365,0.0226652710492148,0.0392424254718209,0.000179759438205855,0.0240724682012054,0.0189339525854925,0.0261703325863643,0.00014354492362654,0.011281808965256,0.00165875966178592,0.000692954020173746,0.00117592135096332,0.000423934927694245,0.00054810513542179,-3.33183797963229e-05
PY,PRY,Paraguay,2021-02-11,2021-02-11,220,0.0363636363636364,0.0247358588336201,0.0558555798261685,0.000215248384684668,0.0181818181818182,0.0176551308648923,0.0135275221731898,0.000108277698773772,0.0103626943005181,0.00169556574710652,0.0345696296273097,0.0227515313323772,0.0397424969107803,0.000181170759987192,0.0243688637705831,0.0190114433056104,0.0263660287432016,0.000144441617299047,0.0113205277642059,0.00165793613436992,0.000642544533732942,0.000997487439878658,0.000390916487208671,0.000440534877390181,-1.42191101538217e-05
PY,PRY,Paraguay,2021-02-12,2021-02-12,332,0.0391566265060241,0.0208645000706995,0.0460237361658179,0.000199710711619811,0.0301204819277108,0.0183852229739395,0.0305145499231085,0.000163932767667289,0.0146713615023474,0.00158331520205515,0.0350065406896064,0.0228219161861076,0.0400998536522715,0.000182252786794853,0.0246535149966002,0.019083233753408,0.0265435100316438,0.000145331038606002,0.0113880240844576,0.00165907992206222,0.000585422827728989,0.000811399310213676,0.000357257049969655,0.000346402816036621,7.02019209246716e-06
PY,PRY,Paraguay,2021-02-13,2021-02-13,236,0.0593220338983051,0.0301384276923107,0.0572868120355199,0.000226143973477543,0.0296610169491525,0.0216444646109121,0.029443092246375,0.000164501594648456,0.0119078104993598,0.00170107031855186,0.0354182727270771,0.0228871797854034,0.0403625779677957,0.000183116021836074,0.0249422738329474,0.0191570675909014,0.0267400512688152,0.000146294183279756,0.0114881786132167,0.00166265847235413,0.000530056455795368,0.000636044453153038,0.000329257594002897,0.000276588716615664,3.10231826773363e-05
PY,PRY,Paraguay,2021-02-14,2021-02-14,198,0.0151515151515152,0.0170148544618386,0.0127119828091192,0.000107326843310583,0.0151515151515152,0.0170148544618386,0.0127119828091192,0.000107326843310583,0.0115446779034865,0.00183680394785412,0.0358252069038691,0.0229571609555198,0.0405767558104655,0.0001838672959775,0.0252474934472453,0.0192389277020423,0.0269820568398706,0.000147386066662284,0.0116245110773061,0.00166906300142205,0.000483432767933908,0.000485920774896481,0.000311158754469083,0.000236926769281163,5.81823473833684e-05
PY,PRY,Paraguay,2021-02-15,2021-02-15,261,0.0306513409961686,0.020911856212904,0.0298922912295021,0.000164559751983527,0.0153256704980843,0.0149033495372418,0.0142753470757096,0.000114631820900743,0.0115023474178404,0.00160101115338566,0.0362438850367428,0.0230394232318263,0.0407792615175568,0.000184592695147765,0.0255738869545109,0.0193315055672649,0.0272784927652254,0.000148618879708144,0.0117999365180778,0.00167857482077815,0.000450362697540507,0.000370199377560014,0.000304404505444991,0.000227285152257845,8.8684936778605e-05
PY,PRY,Paraguay,2021-02-16,2021-02-16,267,0.0187265917602996,0.0162598616799981,0.0239691032119141,0.000146082488799025,0.0112359550561798,0.0126428151960676,0.00998650881364198,9.49659429714696e-05,0.0111255769913599,0.00158147482145209,0.0366805381287559,0.023137281246664,0.0409882510727371,0.000185336452281111,0.0259158414114596,0.0194333406536635,0.0276190041802461,0.00014995865072949,0.0120157818734936,0.00169130939182432,0.000432287244336557,0.000290970933486041,0.000307228868375696,0.000241445265646964,0.000122328818039593
PY,PRY,Paraguay,2021-02-17,2021-02-17,246,0.032520325203252,0.0221655699226988,0.040033656554896,0.000190217902285604,0.032520325203252,0.0221655699226988,0.040033656554896,0.000190217902285604,0.00920434890042006,0.00147109281839394,0.0371308979173658,0.023249654233633,0.0412041053298698,0.000186102294823876,0.0262589815316074,0.0195393339156509,0.0279763314281984,0.000151329987108364,0.0122714014893291,0.00170718861503531,0.000426878048342683,0.000243601403181581,0.000315019626837385,0.000268383780832799,0.000158478954187186
PY,PRY,Paraguay,2021-02-18,2021-02-18,239,0.0376569037656904,0.0241343947727711,0.029922337058345,0.000164658798667733,0.0292887029288703,0.021376876689001,0.0159444360805557,0.000121059347111179,0.00788462834422805,0.00142304120770594,0.0375804892437611,0.0233714148834682,0.0414111335923483,0.000186860378785708,0.0265822996812379,0.0196416628237611,0.0283117093710373,0.000152632018574157,0.0125641432162031,0.00172593932212728,0.000428991425692451,0.00021854665667946,0.000321464114106284,0.000294699889898914,0.000196019855290916
PY,PRY,Paraguay,2021-02-19,2021-02-19,262,0.0381679389312977,0.0232004508444101,0.0453363870823708,0.000199313179232855,0.0305343511450382,0.0208332970303309,0.0346713621863905,0.000175271145675906,0.0128205128205128,0.00171065230871418,0.0380037670048376,0.0234930738235469,0.0415795994327247,0.000187547003903855,0.0268593050006225,0.0197301625102561,0.0285806112185187,0.00015374890802542,0.0128888090601947,0.00174706099900619,0.000430915712960078,0.00020283691082151,0.000319505194612515,0.00030675999161725,0.000233438407829672
PY,PRY,Paraguay,2021-02-20,2021-02-20,238,0.0588235294117647,0.0298930812425176,0.0783725138701279,0.000251443604919427,0.046218487394958,0.0266742321515952,0.0668473526302973,0.000233668111742169,0.0169842584921292,0.00210429859228358,0.0383716458696808,0.0236033662310039,0.0416747365987666,0.000188088064334332,0.0270647816143257,0.0197948408360964,0.0287408297790139,0.000154572381963391,0.0132384367195798,0.00176988029823812,0.000424406494301949,0.000182996798050176,0.000302881361180053,0.000293128823190553,0.000268987607045617
PY,PRY,Paraguay,2021-02-21,2021-02-21,233,0.0386266094420601,0.0247434055494997,0.0491328271202553,0.000212165542672241,0.0214592274678112,0.0186065834527546,0.0379948335638893,0.000187663591503305,0.0090302581036458,0.00152203995202271,0.0386547391481519,0.0236902102644907,0.0416640957008126,0.000188411402842211,0.0271780050822619,0.0198268754187197,0.0287608667131183,0.000155020172909202,0.0136039987777785,0.00179353727878924,0.000401809018568179,0.000147472363875959,0.000267353021291827,0.000247062324648805,0.000300677043283448
PY,PRY,Paraguay,2021-02-22,2021-02-22,252,0.0317460317460317,0.0216464751168939,0.0302389394771837,0.000167413890915264,0.0238095238095238,0.0188230700554231,0.021007774827751,0.000140202413457441,0.0183710961420698,0.00205966316645866,0.0388292507384836,0.0237428293106966,0.041524816429083,0.000188464607905068,0.02718668190496,0.0198202271740653,0.0286243435729548,0.000155048912225957,0.0139764631820667,0.00181713603483879,0.000358118768287952,8.94275593909845e-05,0.000211806748916749,0.000167556565451449,0.00032678021809552
PY,PRY,Paraguay,2021-02-23,2021-02-23,286,0.0559440559440559,0.0266342771583196,0.059418781926965,0.000220955030866016,0.034965034965035,0.0212889176660861,0.0352243109990203,0.000172297231817799,0.0122178856270151,0.00161937656438146,0.038880294305206,0.0237526195283529,0.041246453835405,0.000188217569839164,0.0270893505705764,0.0197721701962381,0.0283321138219864,0.000154656294403399,0.0143463710057257,0.00183971715631293,0.000291566064640045,7.05808425586115e-06,0.000138394839828167,5.92970656313301e-05,0.000345828252732774
PY,PRY,Paraguay,2021-02-24,2021-02-24,247,0.0607287449392713,0.0297846350520729,0.0522709720592421,0.000214679813696241,0.048582995951417,0.0268118768085131,0.0356399037923827,0.000178816136532541,0.0196290867376203,0.00217054120948167,0.0388068642811148,0.0237152663147061,0.040836575909758,0.000187679266592193,0.0268967498389386,0.0196842032705155,0.0279042637772725,0.000153891254773751,0.014705418162891,0.00186042205161906,0.000204395839558945,-9.57596137650593e-05,5.240835961678e-05,-6.79075989608018e-05,0.000356879157781318
PY,PRY,Paraguay,2021-02-25,2021-02-25,229,0.0218340611353712,0.0189279630222622,0.027697396095723,0.00015808690424345,0.00873362445414847,0.012050991883234,0.0118873379791466,0.00010440498545079,0.00874210781932977,0.0015197505386877,0.0386202338542985,0.0236301178238004,0.0403163015423715,0.00018688387348423,0.0266305670776643,0.0195614531653294,0.0273752846946829,0.000152838161197687,0.0150463872883146,0.00187847744770828,0.000102744474910151,-0.000210549648392208,-3.81229871596987e-05,-0.000200887753972629,0.000359596371353317
PY,PRY,Paraguay,2021-02-26,2021-02-26,228,0.0350877192982456,0.0238837300817719,0.0267680107894044,0.000154719175053342,0.0219298245614035,0.019010049784141,0.018793328704459,0.000130169730357525,0.025267180975299,0.00258769787032633,0.0383436208072646,0.0235009685572788,0.0397192582670861,0.000185893026724106,0.0263206168125076,0.0194122413644884,0.0267901864174155,0.000151609612150478,0.0153648501428465,0.00189338035526321,-4.6708437360365e-06,-0.000325913055280077,-0.000124027466969675,-0.000325107226933075,0.000354402237211121
PY,PRY,Paraguay,2021-02-27,2021-02-27,233,0.0472103004291846,0.0272324703392862,0.0528174692712177,0.000215171720637242,0.0343347639484979,0.0233803205974256,0.043728029794639,0.000196720775141402,0.0125119649938466,0.0018014158842361,0.0380080259072147,0.0233343358339499,0.0390858980999682,0.000184780959490865,0.0260016969695494,0.0192466380104789,0.0261989329130148,0.000150330162173439,0.0156580177273133,0.0019048103640391,-0.0001077855401562,-0.000429699600140727,-0.000196051352118756,-0.000426988966683914,0.000342336491589142
PY,PRY,Paraguay,2021-02-28,2021-02-28,208,0.0288461538461538,0.0227459666730736,0.0332789371737332,0.000180874905481799,0.0192307692307692,0.0186637181763253,0.0184757116261213,0.000135798231988635,0.0192694629314348,0.00237024302341964,0.0376482187720967,0.0231392654691301,0.0384545521758593,0.000183622336002236,0.0257085213784957,0.0190755040789926,0.0256471624376555,0.000149117341723462,0.0159251132062844,0.00191270116988286,-0.00019683866106448,-0.000511710708870625,-0.000246360087744055,-0.000496196855883208,0.000324775004036285
PY,PRY,Paraguay,2021-03-01,2021-03-01,244,0.0327868852459016,0.0223441761516542,0.0276160480069192,0.000159846991172798,0.0286885245901639,0.020945298040621,0.0241534835937233,0.000149756422399169,0.0110755441741357,0.00164123840740261,0.0373019551139945,0.0229268015144219,0.0378662681094465,0.000182500276880471,0.0254756049078817,0.0189102516871493,0.0251789935664914,0.000148085274884,0.0161671293744579,0.00191720730358225,-0.000263056531868584,-0.000563364287659744,-0.000268957610449124,-0.000525520042582496,0.000303459728122038
PY,PRY,Paraguay,2021-03-02,2021-03-02,245,0.036734693877551,0.0235546264214372,0.0318161562304793,0.00017524489818292,0.0204081632653061,0.0177047413907637,0.0166045065409358,0.00012759090156875,0.012556470900877,0.00177885651017344,0.0370017847631764,0.0227074927146986,0.0373519241103999,0.000181480422480014,0.0253284097834065,0.0187598584126567,0.024824919020126,0.000147314984002688,0.0163865422916091,0.00191865789524118,-0.000300846586323068,-0.000580775299893011,-0.000261390009255353,-0.000513224126191082,0.000280187354786342
PY,PRY,Paraguay,2021-03-03,2021-03-03,297,0.037037037037037,0.0214779474861417,0.0439013165092659,0.000197719865094318,0.0202020202020202,0.0160005730434938,0.0198414049851566,0.000134584349730219,0.0209435048955443,0.00203081954463044,0.0367749250458079,0.0224910689491185,0.0369355987210359,0.000180618662438996,0.0252841906308478,0.0186309108032508,0.0246027497316376,0.000146854689341175,0.0165860477491988,0.00191745789097926,-0.000307551468081766,-0.000563450470222596,-0.000224396074469402,-0.000462089160507558,0.000256610076814032
PY,PRY,Paraguay,2021-03-04,2021-03-04,325,0.0246153846153846,0.0168460340493692,0.0252270011287642,0.000154868291725854,0.0123076923076923,0.0119868635434832,0.0109963900856839,0.000102991635886378,0.0202103029133706,0.00191549197356623,0.036641825928023,0.0222858384095056,0.0366330570186715,0.0001799578317488,0.0253509133758388,0.0185273544747037,0.0245187792876123,0.000146724569288113,0.0167696597853038,0.00191408772980501,-0.000283632479873605,-0.000514366874735763,-0.000161617239444797,-0.000378567854967192,0.00023413494040955
PY,PRY,Paraguay,2021-03-05,2021-03-05,285,0.0421052631578947,0.0233159302554495,0.0488077783926269,0.000212445402271942,0.0245614035087719,0.0179701713806282,0.0327714534353979,0.000175542013624319,0.0148638868785838,0.00176959128860464,0.0366143886507733,0.0220975822877964,0.0364505250533609,0.000179521468817941,0.0255248507613373,0.0184490788830653,0.0245635980814955,0.00014690156531499,0.0169421252432092,0.00190904900672835,-0.000232272876073568,-0.00043922884110122,-7.94743680353442e-05,-0.00027255580525321,0.00021401791931598
PY,PRY,Paraguay,2021-03-06,2021-03-06,258,0.0465116279069768,0.0256966617970399,0.0460464058037642,0.000201761197174959,0.0310077519379845,0.0211511278266927,0.0245099673834527,0.000148853461489202,0.0208818126148194,0.00219309101023276,0.0366995804465034,0.0219305530154607,0.0363895815100528,0.000179324821640531,0.0257959653356075,0.0183939792940563,0.02472051525532,0.00014734386228002,0.0171085382975825,0.00190281294618916,-0.000158106387598889,-0.000344161777634409,1.45739928519683e-05,-0.000154441197055921,0.00019723751521635
PY,PRY,Paraguay,2021-03-07,2021-03-07,278,0.0251798561151079,0.0184168165701562,0.0133475888977819,0.000114266083735577,0.0215827338129496,0.0170820887672397,0.0102713959743528,0.000100393741103812,0.0175089754211544,0.00191048436906092,0.0368963629331757,0.0217864378852883,0.0364450272438352,0.000179365606847611,0.0261457576639697,0.0183569870462885,0.0249624046510144,0.000147979150394929,0.0172744720320564,0.0018958308186812,-6.75986968031369e-05,-0.000236873477601891,0.000111692126014664,-3.60981525795081e-05,0.00018455710959975
PY,PRY,Paraguay,2021-03-08,2021-03-08,261,0.0306513409961686,0.020911856212904,0.0248140369619199,0.000147323298887784,0.0268199233716475,0.0195998707901206,0.0240619357592769,0.00014512940407929,0.013464044176956,0.00177930423007856,0.0371982819245335,0.0216649874527494,0.0366083278007721,0.000179631276941688,0.0265527520780559,0.0183319371391496,0.0252612961352276,0.000148731935189304,0.0174459721320373,0.00188852810610586,3.27495268928613e-05,-0.000123932718271299,0.000204057049108239,7.27295191835948e-05,0.000176571640071364
PY,PRY,Paraguay,2021-03-09,2021-03-09,289,0.0380622837370242,0.0220607395534152,0.0423547463981714,0.000194818111935566,0.0380622837370242,0.0220607395534152,0.0423547463981714,0.000194818111935566,0.0149647887323944,0.00176506257490999,0.037596034322532,0.0215653166502935,0.036870156285712,0.000180103033481446,0.0269945051969556,0.0183126699712728,0.0255898947043656,0.000149527192113581,0.017629024443716,0.00188132622709877,0.000136851546120683,-1.09070725539846e-05,0.000285052427684629,0.000164524162121334,0.000173829449086192
PY,PRY,Paraguay,2021-03-10,2021-03-10,330,0.0303030303030303,0.0184949077885945,0.0372714266019188,0.000183681687699566,0.0212121212121212,0.0155463149723211,0.0300923754419701,0.000165660643750079,0.0186185606791434,0.00184000694904,0.0380745087518918,0.0214849405667385,0.0372176810722385,0.000180748318514809,0.0274501670499191,0.0182937558113349,0.0259250377242353,0.000150299592910864,0.0178286940098703,0.00187462063745589,0.000238780470644794,9.74373422611557e-05,0.000349875612346708,0.000234376406103827,0.000176505704094428
PY,PRY,Paraguay,2021-03-11,2021-03-11,298,0.0402684563758389,0.0223201615941213,0.036987469314892,0.000183944374399751,0.023489932885906,0.0171956742513873,0.0239542954558886,0.00014902873342358,0.0193932827735645,0.00198932316368116,0.0386181303659098,0.0214217178883823,0.0376421849326021,0.000181543757145071,0.0279024768051285,0.0182713984397626,0.0262522411560196,0.000151010141177504,0.0180491332540173,0.00186879752840992,0.000333956952522761,0.000198609979873537,0.000396271007298541,0.000281440512420677,0.000184501335134689
PY,PRY,Paraguay,2021-03-12,2021-03-12,290,0.0482758620689655,0.0246700286042705,0.0421562216944361,0.000190158621931354,0.0344827586206897,0.0210005229633904,0.0223472722193238,0.000139875743521471,0.0211552717112391,0.00212978933007117,0.0392099018121971,0.0213734476303327,0.0381354740032571,0.000182464143832369,0.028339728032638,0.0182440243965518,0.0265659937686365,0.000151645401244597,0.0182931906795672,0.00186423143513538,0.000418386894282287,0.000290982082200706,0.000423960449505074,0.000307579752219424,0.000197442063664117
PY,PRY,Paraguay,2021-03-13,2021-03-13,302,0.0397350993377483,0.0220306493730934,0.0501564188162734,0.00021384788561557,0.0364238410596027,0.021129076409201,0.0434013548242598,0.000199632928884995,0.0143986596156867,0.00168948543441194,0.0398320849395041,0.0213383188791055,0.0386909197273221,0.000183490354148724,0.0287558986371168,0.0182124220704834,0.0268702540813175,0.000152222021538928,0.01856218487786,0.00186126899703089,0.000489287001054725,0.000374315413914491,0.00043502349552452,0.000317974905050525,0.000214618807633934
PY,PRY,Paraguay,2021-03-14,2021-03-14,328,0.0365853658536585,0.0203175571387232,0.0324181085632122,0.000171833289123858,0.024390243902439,0.0166938807978053,0.0166964219699724,0.000124315453014019,0.0189066603007878,0.00184446527354165,0.0404684475476583,0.0213150095888599,0.0393029087639375,0.000184608856235133,0.0291486892678147,0.0181786535126513,0.0271732561279207,0.000152771994407627,0.0188555947118365,0.00186017647337623,0.000545027603854137,0.000449096827194236,0.000432656198293137,0.000318659998782178,0.000234937096633212
PY,PRY,Paraguay,2021-03-15,2021-03-15,400,0.04,0.0192036467054212,0.0400509434677333,0.000188322794398015,0.0325,0.0173774185937671,0.0352314484453966,0.000177071733734015,0.0134860152415912,0.00142798948700092,0.0411025728103859,0.0213020703352644,0.0399635055741407,0.000185806725853869,0.0295189451829665,0.0181456832938584,0.0274862908445197,0.00015334029771493,0.0191717172898312,0.00186115236805158,0.000584423081308983,0.000515558214738116,0.000420739997668478,0.000316066023359016,0.000257115474352539
PY,PRY,Paraguay,2021-03-16,2021-03-16,389,0.0462724935732648,0.0208759811670181,0.0452093889487277,0.000197196373074923,0.0282776349614396,0.0164727433302157,0.0293291319703312,0.000160146015319277,0.0169428334714167,0.00162802798544795,0.0417208049405442,0.0212984583953577,0.0406632076738177,0.000187071870363227,0.0298696977780248,0.018116872101503,0.0278201165755727,0.000153972096238531,0.0195081767777009,0.0018643139609806,0.000607716031442081,0.000574254433596536,0.000403255121350951,0.000315846475222899,0.000279913794638426
PY,PRY,Paraguay,2021-03-17,2021-03-17,384,0.0390625,0.0193780497733878,0.0276288568004354,0.00015796455932939,0.0260416666666667,0.0159289465715359,0.0128553821509641,0.000108566305298847,0.0259188265688807,0.00201032285067583,0.0423095180854089,0.0213025503265085,0.0413855072272036,0.000188382236208302,0.0302019616526394,0.0180943911438251,0.0281777791843845,0.000154694337589262,0.0198617069837623,0.00186964609230499,0.000615231286583178,0.000623887049100252,0.000383247474585142,0.000320923004727486,0.000302095621624167
PY,PRY,Paraguay,2021-03-18,2021-03-18,330,0.0424242424242424,0.0217462682202063,0.0271934301963574,0.000154423607292678,0.0272727272727273,0.0175732040615089,0.012817467074279,0.000106799270349673,0.0256574411503989,0.00217469525659946,0.0428560860952494,0.0213122106682487,0.0421058302664979,0.000189699284158468,0.0305150469064171,0.0180792328701966,0.0285532803830631,0.000155507021980268,0.0202303164628242,0.00187710612074169,0.000607697380508724,0.00066172604387347,0.000362553145629848,0.000331214435737761,0.000322854297209495
PY,PRY,Paraguay,2021-03-19,2021-03-19,360,0.0472222222222222,0.0219111847418716,0.0324323983057698,0.000173372551814491,0.0333333333333333,0.0185427688644629,0.0208204356152823,0.000139741765705433,0.016847063085911,0.00169750617843676,0.043350912085198,0.021325387021491,0.0427967446779375,0.000190977297696411,0.0308056523951453,0.0180709736822721,0.0289324288214416,0.000156384083497508,0.0206117136780077,0.00188654766299425,0.000586471190948993,0.000684304158435888,0.000341625626338093,0.000343695790020669,0.000341588133357938
PY,PRY,Paraguay,2021-03-20,2021-03-20,312,0.0480769230769231,0.0237377774673814,0.0424469398533115,0.000193109509723568,0.0320512820512821,0.019544279800471,0.0281526280726131,0.000158437341932634,0.0223933529232952,0.00206413526641447,0.0437842831870278,0.0213395007199807,0.0434237359486655,0.0001921524585832,0.0310673575150934,0.0180677957624475,0.0292918630632254,0.000157269203030821,0.0210055394440836,0.00189784404855012,0.000552639273228246,0.000686804530787994,0.000319778041213109,0.000353101155884124,0.000358324122041168
PY,PRY,Paraguay,2021-03-21,2021-03-21,362,0.0524861878453039,0.0229725441958176,0.0976653160816866,0.000281204772190962,0.0386740331491713,0.0198627270676986,0.0714449643211637,0.000243982298134755,0.0201145712193651,0.00180587663805543,0.0441472934165799,0.0213517256497932,0.0439523600702326,0.000193155502907576,0.0312895156775499,0.0180661327641561,0.029602105399315,0.000158082110253439,0.0214111958309571,0.00191081233614783,0.000507453434365662,0.000664809082681984,0.000295095082430576,0.000352635759132558,0.000373246423520982
PY,PRY,Paraguay,2021-03-22,2021-03-22,345,0.0260869565217391,0.016819393908594,0.0296413057128629,0.000164298124222352,0.0173913043478261,0.0137941493149154,0.0177677957223192,0.000127979865659604,0.0186030860933519,0.00183611529546459,0.0444338769459696,0.0213598656600054,0.0443515624871083,0.000193918867993855,0.0314616302839206,0.0180624682637651,0.0298333825501472,0.000158735821043889,0.0218293126514459,0.00192533838110892,0.000452178667570901,0.000614725802215097,0.000265322084315968,0.000335544329095744,0.000386855978957498
PY,PRY,Paraguay,2021-03-23,2021-03-23,358,0.0446927374301676,0.0214040814728148,0.0490440809809191,0.000209263035216787,0.0363128491620112,0.019377813633052,0.0322474896260637,0.000171178468262082,0.0214173932483792,0.00189734230993418,0.0446410855980602,0.0213624482641245,0.0446002451407794,0.000194391532222264,0.0315738015818646,0.0180533719111638,0.0299605333378623,0.000159150291002251,0.0222592068983175,0.00194124994552921,0.000388594585441885,0.000535789652262624,0.000228639988204197,0.000297125692246292,0.000399583319092527
PY,PRY,Paraguay,2021-03-24,2021-03-24,385,0.051948051948052,0.02216758726665,0.0369568144396044,0.000183686640970138,0.0363636363636364,0.0186985516969597,0.0253884616831063,0.000153158602300716,0.0280868886790129,0.00207509217906941,0.0447686597147808,0.0213587158612956,0.0446878163111113,0.000194542740506831,0.0316181419636507,0.0180360222037144,0.0299649502944408,0.000159261242449352,0.0226999859173913,0.00195841915164545,0.000318762269921902,0.00043033100743557,0.000183849176205608,0.000235278318562945,0.000411611575761174
PY,PRY,Paraguay,2021-03-25,2021-03-25,370,0.0621621621621622,0.0246022122142018,0.0607475058049202,0.000227427935623419,0.045945945945946,0.0213332645156707,0.0451181113058463,0.000197623546549763,0.0172975352112676,0.00169530195108886,0.0448215037850406,0.0213491983955327,0.0446196325451639,0.000194375702651749,0.0315913656209361,0.0180089952681537,0.0298409403764727,0.000159039968608663,0.0231493985228221,0.00197668269780817,0.000245098616640427,0.000303814644537734,0.000130952204298461,0.000151418592505186,0.000422947474135744
PY,PRY,Paraguay,2021-03-26,2021-03-26,336,0.0505952380952381,0.0234346772770121,0.0440402517920877,0.000195818494239534,0.0357142857142857,0.0198427702107254,0.0314127382853449,0.000166468199217318,0.0224820621844273,0.00211824612133523,0.0448085010434153,0.0213354703595103,0.0444137176289612,0.000193923815591905,0.0314949590360573,0.0179722699867722,0.0295939913818344,0.000158491164870713,0.0236039560429119,0.00199587727896997,0.000170702976064582,0.000164996946715961,7.12669201606529e-05,5.03547197681729e-05,0.00043306943313806
PY,PRY,Paraguay,2021-03-27,2021-03-27,377,0.0344827586206897,0.018418677074683,0.051134888182707,0.000212873529812141,0.0238726790450928,0.0154092403684361,0.031394255951994,0.000168523078640591,0.0246989181465605,0.0019436483210968,0.0447431783207773,0.0213201048793543,0.0441031402227443,0.0001932570371656,0.0313356568464047,0.0179272836862349,0.0292429344884618,0.000157661371871393,0.024059439307472,0.00201582837340793,9.93141506995659e-05,2.51300254186191e-05,7.69019480912602e-06,-5.98618184755375e-05,0.00044137391275248
PY,PRY,Paraguay,2021-03-28,2021-03-28,367,0.0381471389645777,0.0195974861040595,0.0502712620029229,0.000210751015427367,0.0245231607629428,0.0158238356168269,0.0369155841002993,0.000181864126922426,0.0264362198427156,0.00209590294115856,0.0446408399414825,0.0213059993377111,0.0437264138588778,0.000192462423186712,0.0311246867358163,0.0178766492349472,0.0288147511594928,0.000156624935098654,0.0245116351638517,0.00203637363500967,3.44938325854798e-05,-0.000104191438038406,-5.61572580173829e-05,-0.000169771898442396,0.000447053752067633
PY,PRY,Paraguay,2021-03-29,2021-03-29,392,0.0459183673469388,0.0207200616918083,0.0316143739629951,0.000164555981718592,0.0331632653061225,0.0177259806802863,0.0197836712143304,0.000130966922610995,0.0237254512993454,0.00187887533386538,0.0445203125425524,0.0212969895212456,0.0433280298678032,0.000191644569966976,0.0308775141724458,0.0178242808079312,0.0283431396183226,0.000155480672767964,0.0249564177705985,0.00205736739730868,-2.01288425846422e-05,-0.000212035878829358,-0.000116047901569789,-0.000269565619923271,0.000449535145380173
PY,PRY,Paraguay,2021-03-30,2021-03-30,356,0.0449438202247191,0.0215215003228509,0.0373941781114664,0.000181124142095936,0.0337078651685393,0.0187474817011425,0.0241794291980548,0.000146641910440233,0.02391622462045,0.00202503911906202,0.0443995175143348,0.0212966729391254,0.0429488687097138,0.000190902917091534,0.0306120682615214,0.0177747552919206,0.0278636813429229,0.00015433578996816,0.025390983185761,0.00207872164932435,-6.15237000743442e-05,-0.000289824600232914,-0.000167678950354886,-0.000350211491919645,0.000448499544728295
PY,PRY,Paraguay,2021-03-31,2021-03-31,324,0.0493827160493827,0.0235920633263514,0.0501257864625224,0.000208738537336399,0.0308641975308642,0.0188319546538378,0.0294324241277911,0.000161683198874069,0.034617964195429,0.00257358171246698,0.0442935138380995,0.0213079228750247,0.0426223270408002,0.000190319769357327,0.0303465556338118,0.0177326164466752,0.0274095120883108,0.00015329091119356,0.0258133421924188,0.00210036653177703,-8.79983244901801e-05,-0.000332884250727277,-0.000207468331187378,-0.000405238048026978,0.000443990611599443
PY,PRY,Paraguay,2021-04-01,2021-04-01,360,0.0444444444444444,0.0212879358333183,0.0227512678055072,0.000118467684709249,0.0361111111111111,0.0192721760127018,0.0193208017350891,0.000109363045386965,0.0311341734618236,0.00231703510720229,0.0442128365280063,0.0213326139841996,0.0423714310388654,0.000189953110532383,0.030096425442068,0.0177016580202536,0.0270079520560078,0.000152430223174265,0.0262221136465214,0.00212223788677047,-9.92774192348373e-05,-0.000340381098349305,-0.000233088932331551,-0.000431006554304432,0.000436359600601576
PY,PRY,Paraguay,2021-04-02,2021-04-02,347,0.031700288184438,0.0184340117555517,0.0317685188348588,0.000167819612094172,0.0172910662824208,0.0137153436441495,0.0131353894871367,0.000108944395865607,0.023799563054897,0.00203681503979387,0.0441639219080633,0.0213717252955313,0.0422071643234596,0.000189829129577961,0.0298765117796644,0.0176854562942997,0.0266800287192056,0.00015181498119362,0.0266157389475016,0.00214424452215999,-9.65427354523256e-05,-0.000315995983214118,-0.000243190844456711,-0.000427150961542708,0.000426049940004941
PY,PRY,Paraguay,2021-04-03,2021-04-03,370,0.0486486486486487,0.021920632905976,0.0488289791336295,0.000207340829068967,0.027027027027027,0.016523298753691,0.0288933871126567,0.000161157079044149,0.0196407804625921,0.00178491290562363,0.0441463748786296,0.0214245651560033,0.0421273375433748,0.000189939553682774,0.0296961394791712,0.0176859007737895,0.0264370257663004,0.000151474581393513,0.0269916029165712,0.00216622205671051,-8.24108438088264e-05,-0.000266512719250511,-0.000238091209440857,-0.000396287565532061,0.000413327958786587
PY,PRY,Paraguay,2021-04-04,2021-04-04,336,0.0327380952380952,0.0190273014163638,0.033046337109363,0.000175543217133979,0.0327380952380952,0.0190273014163638,0.033046337109363,0.000175543217133979,0.0240121283255086,0.00209826439395127,0.0441568508742337,0.0214897776281824,0.0421215734131409,0.000190251634162087,0.0295616408609569,0.0177040335575878,0.0262831978103914,0.000151412375176873,0.0273449759783049,0.00218788739335098,-6.0576944719779e-05,-0.000201076075777053,-0.000219312218581491,-0.000343323634655199,0.000398093034617723
PY,PRY,Paraguay,2021-04-05,2021-04-05,370,0.0486486486486487,0.021920632905976,0.0569826425094529,0.000224785637289451,0.0297297297297297,0.0173056960543183,0.0310048920065729,0.000168078949974806,0.0265569319531648,0.00205255169341662,0.044188120079559,0.0215649770640395,0.0421725018207487,0.000190712607724124,0.0294751822006329,0.0177395927389475,0.0262163163722135,0.000151608549810103,0.0276684933143883,0.00220882001709556,-3.52329057959575e-05,-0.000129394481494191,-0.00018948101014809,-0.000274560828451574,0.000379585021437875
PY,PRY,Paraguay,2021-04-06,2021-04-06,371,0.045822102425876,0.0212771432885949,0.0427433213740353,0.000192737438552013,0.0269541778975741,0.0164793784535582,0.0200223346458677,0.000133469856711613,0.0286189983350583,0.0021921424152507,0.0442323772184932,0.0216475212667947,0.0422634576288098,0.000191268444235431,0.0294352207015176,0.0177911647970952,0.0262301529844118,0.000152028450731695,0.0279526044974758,0.00222848013645819,-1.01894366010454e-05,-5.98115686650698e-05,-0.000151889155382377,-0.000196559850649836,0.000356543717509503
PY,PRY,Paraguay,2021-04-07,2021-04-07,358,0.0502793296089386,0.0226359779455959,0.0420580290817617,0.000194859045456912,0.0279329608938548,0.0170692002345766,0.0229353011472893,0.000145325021605396,0.0319806628550179,0.00235116630603282,0.044283106226233,0.0217349994811403,0.0423795057546008,0.000191868265634057,0.0294369864798546,0.0178563896493132,0.0263140878079596,0.000152623810593646,0.0281863105374532,0.00224626309564936,1.17116163711253e-05,1.34578595589741e-06,-0.000109906493702236,-0.000115644041341373,0.000327366148488641
PY,PRY,Paraguay,2021-04-08,2021-04-08,325,0.0492307692307692,0.0235213519652751,0.0533143288726381,0.00021947792071907,0.0276923076923077,0.0178397122723095,0.0263185314345366,0.000156388653439374,0.0298469517465806,0.00237820424597532,0.0443372217656374,0.0218256037176467,0.042513399873205,0.00019247872474549,0.0294746274045446,0.0179324558626714,0.0264585802480618,0.000153348962494933,0.028358762905378,0.0022615569958191,2.88833095956874e-05,5.1039258290903e-05,-6.69807291866428e-05,-3.69080785239534e-05,0.000290503992979402
PY,PRY,Paraguay,2021-04-09,2021-04-09,322,0.0372670807453416,0.0206888215390373,0.0271402482018353,0.000155536870892566,0.0248447204968944,0.017000985658692,0.0195143909673471,0.000132403493576443,0.0367878915282741,0.00267463753459578,0.0443967072834738,0.0219190557564854,0.0426673530999629,0.000193092297588148,0.0295424939282786,0.0180170264216997,0.0266556934574562,0.000154166708388196,0.028461132309593,0.00227387632874281,4.17220674740354e-05,9.00025927646833e-05,-2.56075918154304e-05,3.64446151926313e-05,0.000244921565503628
PY,PRY,Paraguay,2021-04-10,2021-04-10,292,0.0582191780821918,0.0268574404495082,0.0601233181405976,0.000227309466878402,0.0376712328767123,0.0218385257101613,0.0323466978984242,0.000169174726566743,0.0279272199721937,0.00251075421326076,0.0444666307140092,0.0220157203832526,0.0428499507995118,0.000193718237461913,0.0296346029968096,0.0181075674425015,0.0268978257042685,0.000155042950323187,0.0284889783449526,0.00228293627262214,5.16299732959205e-05,0.000121396231061824,1.21603559754552e-05,0.000102437982312837,0.000190667061107946
PY,PRY,Paraguay,2021-04-11,2021-04-11,325,0.04,0.0213045331914743,0.037013731577481,0.000183011211321505,0.0338461538461538,0.0196600318091342,0.02954821566833,0.000164149220351873,0.03037441732244,0.00238134197509898,0.0445539269795978,0.022116787569549,0.0430750486550067,0.000194382903427966,0.029745870968566,0.0182022378726122,0.0271804872802398,0.000155957511743477,0.0284418925573115,0.00228868337198908,6.09678166731351e-05,0.000150424472376341,4.51147946555197e-05,0.000160695151337716,0.000128899873820539
PY,PRY,Paraguay,2021-04-12,2021-04-12,352,0.0426136363636364,0.0211005937342733,0.0426616120893763,0.000198606313198939,0.03125,0.0181763898053331,0.0270305045602338,0.000159374329187659,0.0324852339845525,0.00234212392409695,0.0446656281775409,0.0222236530299624,0.043357875507194,0.0001951209844772,0.0298723628094576,0.0182997218736386,0.0275002364633191,0.000156898897745339,0.0283249257344655,0.00229133863062894,7.2208493174621e-05,0.000182402979730703,7.28570179900073e-05,0.000211680579817888,6.20535394982892e-05
PY,PRY,Paraguay,2021-04-13,2021-04-13,364,0.0384615384615385,0.0197557742837924,0.0366898995731268,0.000188519198773132,0.0302197802197802,0.0175865119231607,0.0320382383334621,0.000176588607271414,0.0310406126076849,0.00229486745041472,0.0448055532073552,0.0223372824778738,0.0437103158576156,0.000195964710242606,0.030010202970221,0.0183990597115951,0.0278545944587885,0.000157864005338594,0.0281479259869774,0.00229137335006376,8.70744968536942e-05,0.000221801683835807,9.5536081727744e-05,0.000256751108471489,-6.39742507930104e-06
PY,PRY,Paraguay,2021-04-14,2021-04-14,349,0.0343839541547278,0.0191168144138434,0.0386114370576979,0.000185658663526223,0.0200573065902579,0.0147086232373085,0.0290642356151993,0.000161875999670797,0.0268439907739118,0.00221918109029766,0.044972125848035,0.0224575460529167,0.0441383326264895,0.000196935339736159,0.0301552965510589,0.018499465243836,0.028241154240976,0.000158853330002083,0.0279239182028381,0.00228943219763218,0.000105817347066259,0.000270822125547418,0.000113444857752394,0.000297095665485687,-7.24741170899836e-05
PY,PRY,Paraguay,2021-04-15,2021-04-15,336,0.0357142857142857,0.0198427702107254,0.0272303024686893,0.000154121422532311,0.0267857142857143,0.0172637169154877,0.0189335252709389,0.000129061503105028,0.0207844287949922,0.00195537867711335,0.0451562978891306,0.0225828988829906,0.0446333564058814,0.000198027941587507,0.0303015277998606,0.0185999440381838,0.0286520473257624,0.000159859665465924,0.0276673707729847,0.0022862572364509,0.000126598434276139,0.000327667217653091,0.000126505645263675,0.000332725644717697,-0.00013229358943472
PY,PRY,Paraguay,2021-04-16,2021-04-16,302,0.0529801324503311,0.0252627534993146,0.0585737808910051,0.000226384423109539,0.0298013245033113,0.0191775331211838,0.031154004399578,0.000167488919095163,0.0270339988649848,0.00228318746334379,0.0453420349238428,0.0227103328176012,0.0451766687769406,0.000199215678150965,0.0304410510179232,0.0186993033633805,0.0290771109279235,0.000160872195466246,0.0273925977661515,0.00228261185002235,0.000145900701638926,0.000387786329571464,0.000134408003518923,0.000363214203942509,-0.000182730096466844
PY,PRY,Paraguay,2021-04-17,2021-04-17,280,0.0535714285714286,0.0263742191484345,0.0318509166465184,0.000171629259850117,0.0392857142857143,0.0227553503568515,0.0181956348061338,0.000130633730081746,0.0297852689909952,0.00253138789473816,0.0455069622984771,0.0228355381236805,0.0457342045520011,0.000200439490528692,0.0305636995302687,0.0187959990192608,0.0294991559881087,0.000161864646124035,0.0271120895398897,0.00227919630286609,0.000158839219813203,0.00044319264949906,0.000136304760283784,0.000386444784644827,-0.000221633836236969
PY,PRY,Paraguay,2021-04-18,2021-04-18,292,0.0582191780821918,0.0268574404495082,0.0590059615904081,0.000227174753760461,0.0342465753424658,0.0208592345732839,0.0340983931663478,0.000174965364215272,0.0228145733907578,0.00223257419432188,0.0456256332970838,0.0229536512291005,0.0462640198797387,0.000201621896820682,0.0306584403126418,0.0188885126865152,0.0298982703981919,0.000162803957003245,0.0268347779539885,0.002276571164941,0.000160000853257138,0.000484357395424118,0.000131012917197369,0.000399672322478804,-0.00024835796341284
PY,PRY,Paraguay,2021-04-19,2021-04-19,340,0.0352941176470588,0.0196135975743091,0.0428853109348423,0.000195703532937607,0.0264705882352941,0.0170633762470055,0.0366475860230773,0.000181500436956269,0.0257489956923673,0.00215967300858787,0.0456708764815892,0.0230596633780693,0.046716792476672,0.000202667965539162,0.0307130831635383,0.0189753368886931,0.0302505765426808,0.000163646557720801,0.0265671318189327,0.00227520889967611,0.000144220545705666,0.000501079436509388,0.000117146698886208,0.000399330347315382,-0.000263465694674118
PY,PRY,Paraguay,2021-04-20,2021-04-20,347,0.0432276657060519,0.0213977717314987,0.0582315977846179,0.000226172956497862,0.0201729106628242,0.0147925265476033,0.0208557461064154,0.000138014739367972,0.0275246248734235,0.00217549562532566,0.0456210432096619,0.0231498387221879,0.0470450035954193,0.000203483784671686,0.0307188070709284,0.0190559617269843,0.0305329188341714,0.00016434867966727,0.0263123577815413,0.0022754057600185,0.00010815289360448,0.000484445161488289,9.39184199782456e-05,0.000381960765532567,-0.00026859340354948
PY,PRY,Paraguay,2021-04-21,2021-04-21,343,0.0466472303206997,0.0223172551464385,0.0450499284151647,0.000199350859907094,0.0291545189504373,0.017804469077588,0.0284644977923465,0.000159831298783926,0.0274600623877493,0.00220198961695628,0.045459642753887,0.0232214727284599,0.0472061640587986,0.000203982788089318,0.0306696836304451,0.0191304947409709,0.0307259656802267,0.00016487280864398,0.0260716707103538,0.00227734161423192,5.05574774593981e-05,0.000428801275486199,6.13593050974101e-05,0.000345653059077379,-0.000265950010438473
PY,PRY,Paraguay,2021-04-22,2021-04-22,280,0.0642857142857143,0.0287275072033116,0.0559741720203964,0.000217466887797186,0.0607142857142857,0.0279713468710074,0.0536115886158285,0.000213094090943955,0.0266104825675364,0.00239658982498412,0.0451820525876274,0.0232743570588191,0.0471710237242366,0.000204101862967318,0.030566908175188,0.019200710584011,0.0308169864982208,0.000165193241679943,0.0258445989847739,0.00228105558316711,-2.66637227025688e-05,0.000332392491215997,2.09761928774791e-05,0.000289979261716215,-0.00025799979689626
PY,PRY,Paraguay,2021-04-23,2021-04-23,300,0.0466666666666667,0.0238678468966867,0.0579045470606795,0.000231562372961327,0.03,0.0193034065803767,0.0431264429037035,0.00020140177747012,0.0271939328277356,0.00234628837136365,0.0447946484090082,0.0233102880593645,0.0469257365038981,0.000203807519076702,0.0304184765313454,0.0192696253897014,0.030803556307567,0.000165305397582378,0.0256304582364125,0.00228648155031063,-0.000118718981578136,0.000198588658649504,-2.42038331538779e-05,0.000217400053243036,-0.000246938550579535
PY,PRY,Paraguay,2021-04-24,2021-04-24,304,0.0493421052631579,0.0243462606090533,0.0594722314761606,0.000226027036742058,0.0328947368421053,0.0200498616780439,0.0424936277753401,0.000192774774720477,0.0246210084937104,0.00222693678229791,0.0443163328235644,0.0233330510817989,0.0464787327129382,0.000203108508670788,0.0302386439621802,0.019340886295658,0.0306949972158848,0.000165228217752501,0.0254288517056815,0.00229343496906812,-0.000218216745586561,3.57854721999065e-05,-6.99660584102749e-05,0.000132787802948811,-0.000234321041384498
PY,PRY,Paraguay,2021-04-25,2021-04-25,289,0.0311418685121107,0.0200263405574327,0.0405952147798269,0.000193583392953247,0.0173010380622837,0.0150329945175317,0.0198718506342599,0.000136895862983521,0.0234361635399441,0.00223905117011238,0.0437782068480251,0.0233485975462514,0.0458566767721919,0.000202047147418395,0.0300485201213157,0.0194191546337258,0.0305100433918372,0.00016499787645854,0.0252400443565731,0.00230164963808909,-0.000315444938927356,-0.000143352617413351,-0.000110760507037098,4.32444748593973e-05,-0.000221181243726603
PY,PRY,Paraguay,2021-04-26,2021-04-26,311,0.0514469453376206,0.0245515269003978,0.062228396746467,0.000233914304597295,0.0257234726688103,0.0175943738292551,0.0165538475418679,0.000123548849230473,0.0255215503547601,0.00224914649962129,0.0432189899540997,0.0233639021050057,0.0451048413421472,0.000200703957308825,0.0298712632738997,0.0195086466861446,0.0302761263997833,0.000164668450116151,0.0250643962571028,0.0023107565996416,-0.00040034220926037,-0.000323360375545344,-0.000141257299504789,-4.27987390646759e-05,-0.000207993587406407
PY,PRY,Paraguay,2021-04-27,2021-04-27,314,0.0445859872611465,0.0228285466782485,0.0411447558576695,0.000192226217893769,0.0318471337579618,0.0194218417305078,0.0330541226529424,0.000173018583683826,0.0199231754161332,0.00196002634591145,0.0426870482925841,0.023387759468379,0.0442853452454407,0.00019919271395159,0.0297332340999258,0.0196138261388675,0.0300271219179546,0.000164307024967389,0.0249025866823536,0.00232033391401398,-0.00046209907688381,-0.000486803135559644,-0.000156074921753217,-0.000116473960378679,-0.000194847338000029
PY,PRY,Paraguay,2021-04-28,2021-04-28,289,0.0449826989619377,0.0238961284491821,0.0459506692436361,0.000203237431799779,0.0311418685121107,0.0200263405574327,0.035297291721596,0.000179118235865,0.0289422811378072,0.00244195540024397,0.0422322284781331,0.0234297611023492,0.0434676481425766,0.000197647553659487,0.0296593509176442,0.0197388660532574,0.0297982891252208,0.000163986660595814,0.0247558240960197,0.00233001395547726,-0.000491637351582368,-0.000617229263609998,-0.000151259542923968,-0.000169782895500007,-0.000181462481459042
PY,PRY,Paraguay,2021-04-29,2021-04-29,232,0.0344827586206897,0.0234792984545931,0.028948740974593,0.000175025573864358,0.0258620689655172,0.0204242425085118,0.0215320712935002,0.000151524128382567,0.0240347557984724,0.00251279998551412,0.0419024775226661,0.0234987710946411,0.0427245035633221,0.000196207670641417,0.0296691325125376,0.0198859937906837,0.0296219262144908,0.000163770496758751,0.0246251331840044,0.00233941588828538,-0.000482028481057017,-0.000700205490095997,-0.000124890669801294,-0.00019693834884602,-0.000167554175401344
PY,PRY,Paraguay,2021-04-30,2021-04-30,247,0.0202429149797571,0.0175628643216931,0.0136223746954009,0.000117200257330558,0.0121457489878543,0.013660235974674,0.00892703588155207,9.51014202820677e-05,0.0238654147104851,0.00241563539287865,0.0417408924980968,0.0236037936438887,0.042124635426124,0.00019501290193845,0.0297775555080121,0.0200572877247624,0.0295259838800318,0.000163719990924884,0.0245115490414668,0.00234832398023474,-0.000429240054244609,-0.000725682881135685,-7.68480756946829e-05,-0.000194835555975508,-0.000152883777369125
PY,PRY,Paraguay,2021-05-01,2021-05-01,205,0.0341463414634146,0.0248598735103004,0.0392606419888419,0.00020765062824497,0.0341463414634146,0.0248598735103004,0.0392606419888419,0.00020765062824497,0.0202516876406367,0.00252036497986096,0.0417830680681827,0.0237535475537854,0.0417282614847449,0.000194194546586384,0.029993246372999,0.020254356484844,0.0295317385391331,0.000163887122348783,0.0244157617072082,0.00235667866572877,-0.000332523129973726,-0.000688069214574499,-9.21229138611812e-06,-0.000163050808784016,-0.000137380441560817
PY,PRY,Paraguay,2021-05-02,2021-05-02,254,0.0511811023622047,0.0271005255793449,0.0553347152392163,0.000233632077813698,0.0393700787401575,0.0239162139156631,0.0376601690306139,0.000194536015779869,0.0318991575020902,0.00276214685347788,0.0420522312653268,0.0239555547175588,0.0415802328712678,0.000193864098454428,0.0303171724716539,0.0204782603203681,0.0296506545805166,0.000164310980373022,0.0243382853213253,0.0023646445390448,-0.000194459781462141,-0.000587434745146574,7.43181996257057e-05,-0.000104245303211125,-0.000121018489296246
PY,PRY,Paraguay,2021-05-03,2021-05-03,271,0.044280442804428,0.0244925870222184,0.0472683665735915,0.000211408469244839,0.033210332103321,0.0213336936853605,0.040957445477995,0.000197440917931795,0.0209818582275546,0.00213861753693603,0.0425574086778639,0.0242157578790353,0.0417065258228925,0.000194107485525206,0.0307429676270793,0.0207297028449409,0.0298852808079068,0.000165020916743012,0.0242800569720598,0.00237263302040532,-2.16066024533769e-05,-0.000429803237091371,0.00016828892119225,-2.3640185007961e-05,-0.00010375495171564
PY,PRY,Paraguay,2021-05-04,2021-05-04,264,0.0378787878787879,0.0230281504952494,0.0284383905268118,0.000165369587235417,0.0265151515151515,0.01938017892889,0.0159833548402159,0.000124767983378365,0.0239683716333086,0.00235614874217281,0.0432973576463715,0.0245396448549085,0.042116867403277,0.000194992783779901,0.031260971179902,0.0210105035281525,0.0302314236879769,0.00016604326945154,0.0242412839897895,0.00238124709000403,0.000177521528039718,-0.000225130123216598,0.000266936710376301,7.21890937926822e-05,-8.57566843716987e-05
PY,PRY,Paraguay,2021-05-05,2021-05-05,293,0.0341296928327645,0.0207893005684773,0.0297893610189064,0.000166049374320483,0.0238907849829352,0.0174855258293757,0.0218363683007666,0.000142747856132445,0.0227222711267606,0.00216637584019147,0.0442569860313189,0.0249309829728109,0.0428008644620026,0.00019656407762777,0.0318560520263769,0.0213224244831634,0.0306770650514512,0.000167399821745293,0.0242224492030602,0.00239127995849192,0.00039241808477546,1.2726816446747e-05,0.000364486585639883,0.000175856472826731,-6.71139968240354e-05
PY,PRY,Paraguay,2021-05-06,2021-05-06,275,0.0218181818181818,0.0172663609481703,0.0171472083742684,0.000124118063970186,0.0181818181818182,0.0157912291062215,0.0136236987712253,0.000110831413765245,0.0228722763934032,0.00227321938548328,0.0454138051250931,0.0253933592162622,0.0437332006530913,0.000198852146366803,0.0325126113293936,0.0216687484034546,0.0312067518940823,0.000169117852706581,0.0242234930299436,0.00240363917641759,0.000612152104499395,0.000268094204494538,0.000455842636896926,0.000280128002341757,-4.80093352538657e-05
PY,PRY,Paraguay,2021-05-07,2021-05-07,262,0.0458015267175573,0.0253137671789551,0.0325285671617992,0.000170375021317257,0.0381679389312977,0.0232004508444101,0.0268250419202505,0.000155174390585711,0.0225111351871915,0.00225561822720903,0.0467405189109108,0.0259305968414332,0.044875889134619,0.000201882817340747,0.0332154115377552,0.0220541637189626,0.031802284371391,0.000171234436536316,0.0242438787061447,0.0024193239989646,0.000826241807121349,0.000524604608312363,0.000537027527459365,0.000378424305376313,-2.86471668439128e-05
PY,PRY,Paraguay,2021-05-08,2021-05-08,243,0.0534979423868313,0.0282926921956979,0.0697037090566647,0.000247282169597155,0.037037037037037,0.0237447643594964,0.0526661459525994,0.000216905973056051,0.0277167592712237,0.00258617729598749,0.0482117446160084,0.0265484112531806,0.0461875882447239,0.000205694067770488,0.033953415756744,0.0224859437668752,0.0324494082755876,0.000173811758830848,0.0242822263064032,0.00243936728476283,0.00102658555844693,0.000767892562242696,0.000606040547515009,0.000466458949178513,-9.34316915369356e-06
PY,PRY,Paraguay,2021-05-09,2021-05-09,236,0.0593220338983051,0.0301384276923107,0.0576297399709931,0.000229952206498713,0.0423728813559322,0.0257000699944217,0.0398139636166631,0.000192929600852507,0.0259662238835859,0.00254664902979018,0.0498078330914847,0.027255193247407,0.0476272631797442,0.000210345828870205,0.0347217279186925,0.0229742501870233,0.0331393325810546,0.000176942672629567,0.0243357038353115,0.00246477230656373,0.0012084040689368,0.000986789559475283,0.000663126715268864,0.000542341962191298,9.27447720861126e-06
PY,PRY,Paraguay,2021-05-10,2021-05-10,258,0.0697674418604651,0.0310856823958677,0.0542236187834161,0.000224516943989178,0.0503875968992248,0.0266915165695617,0.038164531001868,0.000189950744453003,0.0192735359525575,0.00211790336105117,0.0515181130311338,0.0280624367531216,0.0491623202457555,0.000215930792452759,0.0355221576423021,0.0235320263032901,0.0338735178263473,0.000180759539752954,0.0244005877444683,0.00249651313407232,0.00137012589746038,0.00117424214041308,0.000710197743733336,0.000607015689728412,2.65506257798055e-05
PY,PRY,Paraguay,2021-05-11,2021-05-11,262,0.0381679389312977,0.0232004508444101,0.0402482886939533,0.000192110340094335,0.0267175572519084,0.0195260889896122,0.033243440115442,0.00017523026874229,0.0240076824583867,0.00240052312998054,0.05334188114493,0.0289847101614469,0.050772512813894,0.000222578421996317,0.0363641445661511,0.0241748869358917,0.0346652004377869,0.000185434286211646,0.0244718880159198,0.0025354696193792,0.00151414918560185,0.00132860805864856,0.000751348756629025,0.000664689231055948,4.15731354766064e-05
PY,PRY,Paraguay,2021-05-12,2021-05-12,240,0.075,0.0333229904173814,0.061708343482347,0.000234933983785986,0.0458333333333333,0.0264572872296047,0.0367570396323692,0.00018371438229694,0.0245343025897319,0.0024427662403914,0.0552867820969862,0.030038167583706,0.0524554242771745,0.000230451515826684,0.0372622933580965,0.0249195035620282,0.0355415401445401,0.000191174662778564,0.0245431885330987,0.00258235376468819,0.00164549616198217,0.00145370393734721,0.000791613671450472,0.000722464708409636,5.32825838591861e-05
PY,PRY,Paraguay,2021-05-13,2021-05-13,258,0.0465116279069768,0.0256966617970399,0.0457211597514133,0.000202737643852728,0.0271317829457364,0.0198245990634779,0.0317593705406395,0.000170202417096169,0.0286675807054718,0.00258192820040546,0.0573596825231008,0.0312363997336759,0.0542219471464497,0.000239717810875663,0.0382314890379124,0.0257805919643705,0.0365398175775118,0.000198200076856024,0.0246074565734573,0.00263763380645126,0.00176986060203166,0.00155767633530512,0.000836012916692877,0.000789588867686795,6.05963112187708e-05
PY,PRY,Paraguay,2021-05-14,2021-05-14,211,0.052132701421801,0.0299940940199602,0.0764309680210201,0.000257077016821123,0.028436018957346,0.0224272985198457,0.0315046732077332,0.000169016905007099,0.0236075544174136,0.00266195241500984,0.0595635579689111,0.0325882788795029,0.0560965842033925,0.000250530553593962,0.0392845015908857,0.0267690423264342,0.0377033625278276,0.00020671551374233,0.0246570925941684,0.00270140871535022,0.00189196889215044,0.00165149932644476,0.000888514305690295,0.000875659042039986,6.24777146275337e-05
PY,PRY,Paraguay,2021-05-15,2021-05-15,171,0.0526315789473684,0.0334682255723368,0.0460329360242198,0.000212248128947455,0.0409356725146199,0.0296978404340537,0.0319134756687244,0.000178027454595492,0.0257155838255339,0.00295729153324697,0.0618853552696603,0.034092313460045,0.0581062350105155,0.000262978848039055,0.0404249063640796,0.0278876341054141,0.0390735106004004,0.000216869586151262,0.0246847508635012,0.00277331669973487,0.00201292036302927,0.00174649530512855,0.000950529740897861,0.000989029669890967,5.81745046982854e-05
PY,PRY,Paraguay,2021-05-16,2021-05-16,240,0.0458333333333333,0.0264572872296047,0.0586669326872936,0.00023087317959757,0.0375,0.0240357939947061,0.0494732239045864,0.000213045526360307,0.0196651607759766,0.00221812979415579,0.0642915356651063,0.0357333780772521,0.0602742591904406,0.000277053739968867,0.0416459439556882,0.0291288968929189,0.040683020812635,0.000228718933392885,0.0246849208533141,0.00285244317243423,0.00212890377232877,0.00185198982411418,0.00102063105223103,0.00113491716438128,4.73888514743037e-05
PY,PRY,Paraguay,2021-05-17,2021-05-17,269,0.0631970260223048,0.0290766522279278,0.0619150945408799,0.000232803692855856,0.0446096654275093,0.024670437753758,0.0387762555601662,0.000186494359249417,0.028169014084507,0.00249991900480202,0.0667185829401416,0.0374796361918496,0.0626042341553536,0.000292605478849038,0.0429210161723765,0.030471908461331,0.0425393873758734,0.00024217658641501,0.0246527789862667,0.00293731395505154,0.00222945029920193,0.00197195355690994,0.00109281193437089,0.00131236448968108,3.01484950578062e-05
PY,PRY,Paraguay,2021-05-18,2021-05-18,298,0.0369127516778524,0.0214072551728939,0.0309311729732482,0.000167293097267997,0.023489932885906,0.0171956742513873,0.0244920536556478,0.000149358699017309,0.0293841480254073,0.0024599657923276,0.0690784694471016,0.0392827662023881,0.0650748038366525,0.000309322886293246,0.0442106679066841,0.0318834098665312,0.0446238611450289,0.000257000411730339,0.0245876307000259,0.00302595811554985,0.00229861455835257,0.00210322992657966,0.0011580624247646,0.00151372016674813,7.40702782120808e-06
PY,PRY,Paraguay,2021-05-19,2021-05-19,258,0.0697674418604651,0.0310856823958677,0.0518783232867388,0.000212992608945373,0.0387596899224806,0.0235528991494244,0.027740558803478,0.000157720526032064,0.0248935473304946,0.00247154826488191,0.0712594391792167,0.0410792457278095,0.0676277823799832,0.000326721045821138,0.0454596847618608,0.0333178449050779,0.0468788473242944,0.000272764554359549,0.0244926311717999,0.0031160463046068,0.00231662610935266,0.00223430587225558,0.00120469928732472,0.00172317162446377,-1.91375669429007e-05
PY,PRY,Paraguay,2021-05-20,2021-05-19,100,0.12,0.0636912907284269,0.0763789964611699,0.000424283938268149,0.07,0.0500078962992033,0.0404854486338234,0.000314845853475505,0.0246033160991264,0.00405408482734807,0.073138016885441,0.0427955258180119,0.0701692564443989,0.000344164864819182,0.0466039278904106,0.0347213407335801,0.0492096229830812,0.000288880803190092,0.0243746298602298,0.00320507138381322,0.00226240981942166,0.00234544537350107,0.00121990438325414,0.00191771007587561,-4.70771223230956e-05
PY,PRY,Paraguay,2021-05-21,2021-05-19,100,0.1,0.0587989195362016,0.0620784692556315,0.000396188704103816,0.05,0.042716424707947,0.0241585306050203,0.000252100222706511,0.0233596702164205,0.00387982977145437,0.0745899190599708,0.0443540798175399,0.0725702770960216,0.000360904207407114,0.0475766197617896,0.0360362259814386,0.0514905981828993,0.000304639262652354,0.0242455427819974,0.00329063240572333,0.00211742729838509,0.00241067368091769,0.00119195223295166,0.00206951459708315,-7.32013469173018e-05
PY,PRY,Paraguay,2021-05-22,2021-05-19,100,0.08,0.0531724899927667,0.0633223597186968,0.000415018825111255,0.05,0.042716424707947,0.0443006257879264,0.000350638626213126,0.0285083997963686,0.00424899104458069,0.07550648329337,0.045681387778363,0.0746798013609966,0.000376140314932383,0.0483161481441084,0.0372064562721848,0.053574804147818,0.000319263604138792,0.0241210718762391,0.00337063320411675,0.00186915793804394,0.00240092369509267,0.00111170069807003,0.00214863055586383,-9.39748295125022e-05
PY,PRY,Paraguay,2021-05-23,2021-05-19,100,0.1,0.0587989195362016,0.110056238745904,0.000517177460315232,0.07,0.0500078962992033,0.0940802336592009,0.00048244191872006,0.0239109073042909,0.00383188484114087,0.0758065101856799,0.0467153963458737,0.0763382158206474,0.000389097649005149,0.0487728065393389,0.0381829747177015,0.0553092867745843,0.00033198380325396,0.0240199744874242,0.00344351301814856,0.00151465454092305,0.00228899694421562,0.000975298394493738,0.00212831656645182,-0.000105467416473742
PY,PRY,Paraguay,2021-05-24,2021-05-20,100,0.1,0.0587989195362016,0.106708744202338,0.000512620714156133,0.07,0.0500078962992033,0.094972014295093,0.000486775189459278,0.0212868117797695,0.00357899103794258,0.0754481564169021,0.0474105384468734,0.0773972409525405,0.000399089104864855,0.0489162374277806,0.0389279188349088,0.0565558783108066,0.000342117116818319,0.0239616909598168,0.00350809980604582,0.00106161449496676,0.00205373951931466,0.000784261586849429,0.00198866952762961,-0.000104323290034858
PY,PRY,Paraguay,2021-05-25,2021-05-20,100,0.07,0.0500078962992033,0.0940461085066352,0.000486561387212836,0.04,0.0384072934108425,0.0822163397048586,0.000457892371703853,0.0220870678617157,0.0036441538850164,0.0744337762642292,0.0477423651776928,0.0777396538296506,0.000405594907532137,0.048737566054375,0.0394171242018557,0.0572076130858424,0.000349132912011736,0.0239659409286625,0.00356376888812906,0.000529056180835411,0.00168531190827789,0.000546313548752374,0.001721460960258,-8.77817071895682e-05
PY,PRY,Paraguay,2021-05-26,2021-05-22,100,0.09,0.0560905943465434,0.10207021641569,0.000495561318596564,0.06,0.046546565661405,0.0906624324884062,0.000470005504079317,0.0192650153796341,0.00342783417413745,0.0728123039820476,0.0477083724432187,0.0772969957154905,0.000408306185667616,0.0482509882999121,0.0396408681956637,0.0572036314101732,0.000352703248429478,0.0240508270399369,0.00361019783618085,-5.42854838989059e-05,0.00118795654518192,0.000274510068250248,0.00133233473784866,-5.39671367154916e-05
PY,PRY,Paraguay,2021-05-27,2021-05-22,100,0.09,0.0560905943465434,0.116346592455679,0.000536078108622855,0.05,0.042716424707947,0.0768774369476449,0.000445388901961541,0.0214468629961588,0.00359212694461034,0.0706734404778218,0.0473263873667612,0.0760606389871381,0.000407151793107897,0.047491238214116,0.0396028397374531,0.056538347023962,0.000352730070605713,0.0242302968490582,0.00364715537554605,-0.000652746430358171,0.000581726981852738,-1.42302579455913e-05,0.000841291473510442,-2.54098882319284e-06
PY,PRY,Paraguay,2021-05-28,2021-05-23,100,0.09,0.0560905943465434,0.120851063222716,0.000526052614329375,0.06,0.046546565661405,0.0887994557812198,0.000459076281446732,0.0185659411011524,0.00334708412074498,0.0681391740846804,0.046631191205304,0.0740859436772398,0.000402298950834554,0.0465092331761425,0.0393178229376726,0.0552605056011401,0.000349337649204554,0.0245142239577924,0.00367439229152579,-0.00122788486811494,-9.89762806261364e-05,-0.000301152494660976,0.000280950242220355,6.55253469255511e-05
PY,PRY,Paraguay,2021-05-29,2021-05-24,100,0.06,0.046546565661405,0.0736412294412969,0.000444804839125885,0.04,0.0384072934108425,0.0432074636000377,0.0003462642499527,0.020966709346991,0.00355256021458432,0.0653515080204158,0.0456696441195741,0.0714889284618971,0.000394132303668674,0.0453659926686878,0.0388086403662654,0.0534679463267543,0.000342849919154263,0.0249072761334147,0.00369151306502345,-0.00174250036087736,-0.000808214559791717,-0.000567802311775187,-0.000306890074638331,0.00014788360766507
PY,PRY,Paraguay,2021-05-30,2021-05-25,100,0.05,0.042716424707947,0.0652186570778394,0.000400726654843693,0.04,0.0384072934108425,0.0392405050504857,0.000315124321742463,0.0277046896765207,0.00400197121888789,0.0624574758732896,0.0444952914009726,0.0684322378429615,0.000383206140987422,0.0441251027856634,0.0381030139353624,0.0512923472133368,0.000333738295525753,0.0254089304910104,0.00369802460169465,-0.00216511342393542,-0.00149416718492983,-0.000798522440352868,-0.000877255182911624,0.000241206588532273
PY,PRY,Paraguay,2021-05-31,2021-05-26,100,0.05,0.042716424707947,0.0686000328249148,0.000411226800245031,0.04,0.0384072934108425,0.0424967001111841,0.000328170004785915,0.0288020256369679,0.00412372137233894,0.0595969517126751,0.0431640966034613,0.0651073462841945,0.000370190968032519,0.042847360363358,0.0372315053751464,0.0488826443421172,0.000322568762393793,0.0260135203459072,0.00369345920269619,-0.00247280409192568,-0.00210538459090935,-0.00098170094850284,-0.00138749479062086,0.00034126323620744
PY,PRY,Paraguay,2021-06-01,2021-05-29,100,0.03,0.0334344809563718,0.0305783535774485,0.000272072184737907,0.03,0.0334344809563718,0.0305783535774485,0.000272072184737907,0.0273306505700872,0.0041379655794613,0.0568892834034358,0.041730218552119,0.0617132515122015,0.000355810928466254,0.0415839090538479,0.0362253790414237,0.0463871431395358,0.000309944402703409,0.0267109569213157,0.00367761467325594,-0.00265383676310196,-0.00259729070054816,-0.00111117987434403,-0.00180274804510623,0.000443354980229812
PY,PRY,Paraguay,2021-06-02,2021-05-30,100,0.03,0.0334344809563718,0.0300063510200777,0.000267061522299633,0.03,0.0334344809563718,0.0300063510200777,0.000267061522299633,0.0242660783980994,0.00392866837108858,0.0544251749696469,0.0402436055472216,0.0584324767714158,0.0003407792629173,0.0403734815428222,0.0351159889249154,0.0439356368841912,0.000296451296770501,0.0274870094768903,0.003650774536805,-0.00270804425136249,-0.00293802703595371,-0.00118629277854897,-0.0021004516899618,0.000542785437972008
PY,PRY,Paraguay,2021-06-03,2021-05-31,100,0.06,0.046546565661405,0.0467916876359214,0.000324460236697358,0.05,0.042716424707947,0.041224849217013,0.000305436643375825,0.0245620061834421,0.00397597589214204,0.0522633389181582,0.0387487573972589,0.055414975017951,0.000325749961407459,0.0392413722824746,0.0339344692081549,0.0416293345470411,0.000282622770785236,0.0283239236817805,0.00361387623096056,-0.0026459725277537,-0.00311182810988147,-0.00121131014894465,-0.00227186184234983,0.000634949953998003
PY,PRY,Paraguay,2021-06-04,2021-05-31,100,0.04,0.0384072934108425,0.0352003697715307,0.000287937384129195,0.03,0.0334344809563718,0.029442604707967,0.000264122015987546,0.027112676056338,0.00422368370517556,0.0504282028615584,0.0372836822406801,0.0527654904177261,0.000311277101314376,0.0381982715042183,0.032711056698559,0.0395345679753917,0.000268912546886949,0.0292019680595951,0.00356861721241932,-0.00248721752647622,-0.00312057300736183,-0.00119462019407824,-0.0023222297252271,0.000715781987696739
PY,PRY,Paraguay,2021-06-05,2021-06-01,100,0.05,0.042716424707947,0.0402376114767451,0.000318116330870007,0.04,0.0384072934108425,0.0340571885573492,0.000293608151781687,0.0254539283896148,0.00402122586241226,0.0489184202916792,0.0358809918971008,0.0505416475313572,0.000297796601270709,0.0372453137269632,0.0314755851392403,0.0376833494924911,0.000255683486963123,0.0301001064421798,0.00351735286154456,-0.00225650926360173,-0.00298176505193404,-0.00114663150978336,-0.00226816628680761,0.000781862658528226
PY,PRY,Paraguay,2021-06-06,2021-06-01,100,0.04,0.0384072934108425,0.0237228672557773,0.000254011340298416,0.03,0.0334344809563718,0.0171522207835461,0.000216713650452898,0.0237471339665902,0.00381905975046275,0.0477088898477135,0.0345667531525117,0.0487541687785508,0.000285613036584467,0.0363743861474981,0.0302557427901911,0.0360775229672842,0.000243203919081166,0.0309977060776356,0.00346290475407309,-0.00198134364416027,-0.00272552958427394,-0.00107882903597665,-0.00213418689580551,0.000830697621954739
PY,PRY,Paraguay,2021-06-07,2021-06-07,299,0.0635451505016722,0.0276501266354801,0.0624296766910419,0.000232259996595008,0.0568561872909699,0.0262476437796119,0.0566985401043263,0.0002220179753659,0.0506267847635642,0.00298937971330253,0.0467615629001702,0.0333615162421964,0.0473790509897072,0.00027491215384345,0.0355730043594034,0.0290766605917151,0.0346968106506139,0.000231654155899333,0.031875342797714,0.0034082667695688,-0.00168795341721094,-0.00238903342041572,-0.00100181744907408,-0.00194838874815364,0.000860730979399711
PY,PRY,Paraguay,2021-06-08,2021-06-08,294,0.0272108843537415,0.0185975230419361,0.0299370056802323,0.000170687490646569,0.0136054421768707,0.0132420764245776,0.00378601643328433,6.15127451879475e-05,0.0301597571293485,0.00236477442208131,0.0460318474165553,0.0322801905740922,0.0463648598837238,0.000265769325313766,0.0348273736830144,0.027959924937764,0.0335070637921948,0.000221136698374526,0.0327166121253452,0.00335632637113042,-0.00139888792551527,-0.002011269481282,-0.00092435130996797,-0.00173809551533273,0.000871600441409154
PY,PRY,Paraguay,2021-06-09,2021-06-09,295,0.0372881355932203,0.0216207412669483,0.0523652068512246,0.000215805039951616,0.0305084745762712,0.0196254371070155,0.045288685079967,0.000201442249733723,0.0334811637994054,0.00246136164750989,0.0454741730015816,0.0313316373811323,0.045648010566086,0.000258175796769184,0.0341235776460244,0.026921959904616,0.0324693181149494,0.000211691147667713,0.0335082299000587,0.00330954127933162,-0.00113152765276277,-0.00162782740864416,-0.0008529657727417,-0.00152666940534861,0.000864051036379715
PY,PRY,Paraguay,2021-06-10,2021-06-10,288,0.0520833333333333,0.0256617525242536,0.0581169302804732,0.000230307345821291,0.0416666666666667,0.0230783376704717,0.0521107777964612,0.00021877643034622,0.0473566033884466,0.00297385527254282,0.0450481241123889,0.0305197848387643,0.0451620435951796,0.000252059996168178,0.033450340146999,0.0259742688186599,0.0315445289728172,0.000203305288431811,0.0342413697729672,0.00326983548651232,-0.000896679791528255,-0.00126724113709108,-0.000791321892869891,-0.00133167316709575,0.000839900285562011
PY,PRY,Paraguay,2021-06-11,2021-06-11,276,0.0543478260869565,0.0267454772012399,0.0519385879337328,0.000217597116791583,0.0398550724637681,0.0230782964357021,0.030143268486342,0.000167663603304496,0.030715059588299,0.00248905020403494,0.0447172409992579,0.029843115687301,0.0448430995116428,0.000247304548835046,0.0327975380357448,0.0251226590854601,0.0306979870272054,0.000195929027275451,0.0349110463010958,0.00323847798208611,-0.000700196548736895,-0.000949758003285735,-0.000741295948536404,-0.00116422707754763,0.00080182330981933
PY,PRY,Paraguay,2021-06-12,2021-06-12,260,0.0384615384615385,0.0233753473679647,0.0366025279361298,0.000180494860221842,0.0307692307692308,0.0209910098754605,0.0235881195326524,0.000145871260341711,0.0399250340754203,0.00289180028882161,0.0444532847656539,0.0292959855113782,0.0446376332958658,0.000243767852430944,0.032158322273162,0.0243681268305025,0.0299020261839203,0.000189485711351417,0.035515617625822,0.00321607516014235,-0.000542600847009937,-0.000686089247114172,-0.000702677312389352,-0.00102924946389398,0.000752985258031069
PY,PRY,Paraguay,2021-06-13,2021-06-13,283,0.0424028268551237,0.0234770598008477,0.0377223081492806,0.000192614452559028,0.0282685512367491,0.0193098890371223,0.0223009860384924,0.000149280868835229,0.0351594863297432,0.00259766708233192,0.0442365851287431,0.0288709226273729,0.0445038546682461,0.000241308191707306,0.0315296363029408,0.0237089440668481,0.0291370823519634,0.000183892984182771,0.0360565316513048,0.00320276032025082,-0.000420829628571171,-0.000479199386910182,-0.000673894676077101,-0.000926621383108432,0.000696864808931805
PY,PRY,Paraguay,2021-06-14,2021-06-13,100,0.04,0.0384072934108425,0.0446549337284614,0.000353381855748247,0.01,0.0195013954179879,0.00655867908898247,0.000138104773764293,0.0446508840275697,0.00495508460021135,0.0440511607073006,0.0285570477740094,0.0444093490717378,0.000239775948656502,0.0309082251739052,0.0231391503539725,0.0283884618300422,0.000179051364794253,0.0365372293497286,0.00319815859310723,-0.000330114451542449,-0.000325918468664323,-0.000653191418184856,-0.000853100327025438,0.000636769537397241
